"Symbol","Ensembl","log2FoldChange_e","padj_e","log2FoldChange_n","padj_n","sig_e","sig_n","max_abs_lfc"
"Abcc2","ENSMUSG00000025194",1.65934190616243,0.269813384095664,2.09169176894936,0.0506793190355404,FALSE,FALSE,2.09169176894936
"Abcf2","ENSMUSG00000028953",-0.273621968940176,7.45760809985109e-06,-0.306330563103182,3.91867161479788e-07,TRUE,TRUE,0.306330563103182
"Abhd12","ENSMUSG00000032046",0.140203397791216,0.0425487215276147,0.0934689945316224,0.211627635635637,TRUE,FALSE,0.140203397791216
"Abl2","ENSMUSG00000026596",-0.214255987289312,0.0226757354235753,-0.183283180577539,0.0577762697755308,TRUE,FALSE,0.214255987289312
"Abr","ENSMUSG00000017631",0.364471546806527,0.0100316219286078,0.558818728315924,2.960642781841e-05,TRUE,TRUE,0.558818728315924
"Abracl","ENSMUSG00000078453",0.909807246206899,0.000249104265928581,0.907910506511362,0.000241980466649345,TRUE,TRUE,0.909807246206899
"Acaca","ENSMUSG00000020532",-0.1564223954111,0.580403036349353,-0.226535994910673,0.36967473301156,FALSE,FALSE,0.226535994910673
"Acad9","ENSMUSG00000027710",-0.29692302855688,9.64642332300519e-06,-0.208262745486789,0.00326469422414419,TRUE,TRUE,0.29692302855688
"Acap2","ENSMUSG00000049076",0.178567885592701,0.107723358164279,0.254691397864753,0.0154134461408003,FALSE,TRUE,0.254691397864753
"Accs","ENSMUSG00000040272",0.0327660949028347,0.919424368768849,0.23638220090189,0.311872945723752,FALSE,FALSE,0.23638220090189
"Acin1","ENSMUSG00000022185",-0.219893889878989,0.0327204606094387,-0.0724575165243883,0.576194581561496,TRUE,FALSE,0.219893889878989
"Acly","ENSMUSG00000020917",0.223050854126944,0.306400097273675,0.250474044618747,0.231915410210995,FALSE,FALSE,0.250474044618747
"Acod1","ENSMUSG00000022126",NA,NA,NA,NA,FALSE,FALSE,NA
"Acot13","ENSMUSG00000006717",-0.279613154298709,0.0110023825429336,-0.344117964888754,0.00116421578940367,TRUE,TRUE,0.344117964888754
"Acot7","ENSMUSG00000028937",-0.0470806811410609,0.75473727672244,-0.0908855782039777,0.482277445746238,FALSE,FALSE,0.0908855782039777
"Acox1","ENSMUSG00000020777",-0.1877534406701,0.0288473340763329,-0.0462865139671874,0.681871501974809,TRUE,FALSE,0.1877534406701
"Acp5","ENSMUSG00000001348",0.152434806739075,0.902776260546423,1.65944855827018,0.045081523408108,FALSE,TRUE,1.65944855827018
"Acrbp","ENSMUSG00000072770",-0.053777993363613,0.878017048711874,-0.177071454082061,0.551966086092337,FALSE,FALSE,0.177071454082061
"Acsl3","ENSMUSG00000032883",-0.941703908292009,1.39897761485733e-06,-0.559938312690764,0.00817558285750892,TRUE,TRUE,0.941703908292009
"Actn2","ENSMUSG00000052374",0.464721200027287,0.00215526073805303,0.681351462421249,2.11362810109445e-06,TRUE,TRUE,0.681351462421249
"Actr2","ENSMUSG00000020152",0.138096023245507,0.0448143836763694,0.141118924972339,0.0391861700365862,TRUE,TRUE,0.141118924972339
"Actr3","ENSMUSG00000026341",0.286835845605211,0.00102406288908443,0.252457715477718,0.00463160437980745,TRUE,TRUE,0.286835845605211
"Acvr1","ENSMUSG00000026836",-0.332888807339621,0.0334489166730262,-0.127992125963374,0.502381444169265,TRUE,FALSE,0.332888807339621
"Adamts18","ENSMUSG00000053399",-1.00135363987201,0.145894178010757,0.388628135245184,0.721795951407386,FALSE,FALSE,1.00135363987201
"Adamts3","ENSMUSG00000043635",-1.14584306733619,0.0648250856366066,0.159741592257098,0.866340428234422,FALSE,FALSE,1.14584306733619
"Adamts6","ENSMUSG00000046169",-0.131710793094003,0.710850381452104,-0.337137476319577,0.234627832796853,FALSE,FALSE,0.337137476319577
"Adck1","ENSMUSG00000021044",-0.405439619860192,0.000158171987234853,-0.342271598681741,0.00176581932196743,TRUE,TRUE,0.405439619860192
"Add3","ENSMUSG00000025026",-0.195536521746372,0.18246793921871,-0.406568412609484,0.00124573534351421,FALSE,TRUE,0.406568412609484
"Adgrg1","ENSMUSG00000031785",-0.137014375932776,0.713771111337115,-0.269894893776123,0.396717037981438,FALSE,FALSE,0.269894893776123
"Adipor2","ENSMUSG00000030168",-0.349642767174831,2.62759831647777e-08,-0.250422075642339,0.000126157542536618,TRUE,TRUE,0.349642767174831
"Adtrp","ENSMUSG00000058022",3.49676731364928,0.0305164103068958,1.74535132383657,0.209893848301746,TRUE,FALSE,3.49676731364928
"Aff4","ENSMUSG00000049470",-0.149436026919142,0.215811102832338,-0.141446429789753,0.243912857721174,FALSE,FALSE,0.149436026919142
"Ahi1","ENSMUSG00000019986",0.562658038867512,0.0506786608277162,0.768635745143499,0.0070271029034615,FALSE,TRUE,0.768635745143499
"Ahnak2","ENSMUSG00000118667",3.34447666946658,8.12208132508701e-182,3.39054326779435,1.41093605677958e-181,TRUE,TRUE,3.39054326779435
"Aida","ENSMUSG00000042901",0.0841269225039585,0.254062577239688,0.102208440357461,0.154461084052555,FALSE,FALSE,0.102208440357461
"Ak4","ENSMUSG00000028527",0.834358913401863,0.00688585870205765,1.44279289546965,5.64663413762552e-07,TRUE,TRUE,1.44279289546965
"Akap13","ENSMUSG00000066406",-0.0798427435585577,0.537495041395056,0.0164781280295921,0.915270246075865,FALSE,FALSE,0.0798427435585577
"Aknad1","ENSMUSG00000049565",2.33800393451633,0.00093552230970467,2.52127478764826,0.00251780801137768,TRUE,TRUE,2.52127478764826
"Akr7a5","ENSMUSG00000028743",-0.00317202079921847,0.981717081397961,-0.255513388697873,0.00196193309132871,FALSE,TRUE,0.255513388697873
"Akt1s1","ENSMUSG00000011096",-0.0424246529668657,0.598108243307507,-0.169633165689851,0.0040497949845194,FALSE,TRUE,0.169633165689851
"Aldh1a2","ENSMUSG00000013584",1.0735593897884,2.71431043581319e-05,0.325774500318166,0.295475991615434,TRUE,FALSE,1.0735593897884
"Aldoa","ENSMUSG00000030695",-0.426941945820647,8.26373744737669e-12,-0.521797954758568,2.33746434249453e-17,TRUE,TRUE,0.521797954758568
"Alg1","ENSMUSG00000039427",-0.265544940478726,0.0108554318355919,-0.352981307249276,0.000475690225969207,TRUE,TRUE,0.352981307249276
"Alox5ap","ENSMUSG00000060063",1.50545789708032,5.3803003985577e-18,1.15830350381489,2.44929960588229e-11,TRUE,TRUE,1.50545789708032
"Als2","ENSMUSG00000026024",-0.0746689423160302,0.541130767490253,-0.0177346917840336,0.903743227821184,FALSE,FALSE,0.0746689423160302
"Amdhd2","ENSMUSG00000036820",-0.0859998752355254,0.632867094296681,-0.176359397762672,0.247867662749248,FALSE,FALSE,0.176359397762672
"Ampd3","ENSMUSG00000005686",0.774465473111652,7.12002343191271e-06,1.39705998678516,5.03993364350794e-17,TRUE,TRUE,1.39705998678516
"Anapc13","ENSMUSG00000035048",0.10500400268306,0.364724014929526,-0.11859997690606,0.28117169981735,FALSE,FALSE,0.11859997690606
"Ankra2","ENSMUSG00000021661",0.0262603571271764,0.859327362890179,0.0744332841724339,0.548858036152032,FALSE,FALSE,0.0744332841724339
"Ankrd1","ENSMUSG00000024803",0.988685160969124,0.436014278673162,3.60750208846811,0.000186554768967656,FALSE,TRUE,3.60750208846811
"Ankrd11","ENSMUSG00000035569",-0.399806422087232,5.49542619154347e-07,-0.252201159796249,0.00301781166679135,TRUE,TRUE,0.399806422087232
"Ankrd12","ENSMUSG00000034647",-0.15771367669091,0.362275604469645,-0.319944028411523,0.0310229080650349,FALSE,TRUE,0.319944028411523
"Ankrd28","ENSMUSG00000014496",-0.521266239665709,1.53173681599874e-14,-0.634776381054179,2.0019031068984e-21,TRUE,TRUE,0.634776381054179
"Ankrd50","ENSMUSG00000044864",-0.116909038487331,0.432433506968508,-0.00601400692420749,0.975815029490715,FALSE,FALSE,0.116909038487331
"Anpep","ENSMUSG00000039062",0.734111504307638,0.000880582663130842,0.750037771065633,0.000690424440613478,TRUE,TRUE,0.750037771065633
"Anxa4","ENSMUSG00000029994",1.22245858076382,3.15170097703185e-19,1.15874271465277,3.7784959520749e-17,TRUE,TRUE,1.22245858076382
"Aopep","ENSMUSG00000021458",0.126160578583483,0.681064286748017,0.349705428330936,0.146381302014234,FALSE,FALSE,0.349705428330936
"Ap3d1","ENSMUSG00000020198",-0.0919130518881924,0.25688324903756,-0.14094684319474,0.0562310415399624,FALSE,FALSE,0.14094684319474
"Ap3m2","ENSMUSG00000031539",0.350157136241136,0.0215496297429236,0.390606389896109,0.0118540662216752,TRUE,TRUE,0.390606389896109
"Ap5z1","ENSMUSG00000039623",-0.149117276198231,0.364296227025874,-0.0579592661011364,0.765622939232091,FALSE,FALSE,0.149117276198231
"Apc","ENSMUSG00000005871",-0.208272308758349,0.0245746760025477,-0.267801897764317,0.00249548137143039,TRUE,TRUE,0.267801897764317
"Apex1","ENSMUSG00000035960",0.192438978748704,0.0774461088506406,0.124972191736945,0.290743875249333,FALSE,FALSE,0.192438978748704
"Aph1b","ENSMUSG00000032375",-0.0337679657425507,0.879654201200183,-0.0921599197540304,0.621107918833076,FALSE,FALSE,0.0921599197540304
"Apln","ENSMUSG00000037010",0.24812833155839,0.63066657652697,-0.12005515124469,0.81965271493022,FALSE,FALSE,0.24812833155839
"Apold1","ENSMUSG00000090698",0.674142409580162,0.550938398396472,-0.420497914551397,0.723615288698694,FALSE,FALSE,0.674142409580162
"App","ENSMUSG00000022892",0.146569556385685,0.330308557492568,0.468489314645662,8.71800726303084e-05,FALSE,TRUE,0.468489314645662
"Arap1","ENSMUSG00000032812",0.167965374960717,0.460614518628795,0.255464737733683,0.20968940533805,FALSE,FALSE,0.255464737733683
"Arap3","ENSMUSG00000024451",-0.315879228113758,0.0760491993748392,-0.204990508266156,0.298358247113577,FALSE,FALSE,0.315879228113758
"Arfgef2","ENSMUSG00000074582",-0.271042987792408,0.0317252793163534,-0.203885810647239,0.126385468895595,TRUE,FALSE,0.271042987792408
"Arfip1","ENSMUSG00000074513",0.137081087149783,0.657541066413238,0.262550229638684,0.31852739618093,FALSE,FALSE,0.262550229638684
"Arhgap12","ENSMUSG00000041225",0.0313530302617468,0.757144959727428,0.0158878495810776,0.878446384780031,FALSE,FALSE,0.0313530302617468
"Arhgap23","ENSMUSG00000049807",-0.041100753673026,0.830156467891635,0.14627435101494,0.335162985352384,FALSE,FALSE,0.14627435101494
"Arhgap31","ENSMUSG00000022799",-0.308285989875573,0.00612359958246277,-0.458296316250105,1.86669125162849e-05,TRUE,TRUE,0.458296316250105
"Arhgdia","ENSMUSG00000025132",0.440346368967629,3.8675600672132e-09,0.281153262403214,0.000351724218805851,TRUE,TRUE,0.440346368967629
"Arhgef2","ENSMUSG00000028059",0.520991624451819,9.79079270776993e-05,0.854078570367803,1.87033690862588e-11,TRUE,TRUE,0.854078570367803
"Arhgef28","ENSMUSG00000021662",0.0157217141163617,0.961075285102793,-0.274407703695398,0.227480310259369,FALSE,FALSE,0.274407703695398
"Arl8b","ENSMUSG00000030105",-0.025441227936741,0.813621096810487,-0.00971580196368567,0.931801095616501,FALSE,FALSE,0.025441227936741
"Armcx1","ENSMUSG00000033460",0.636616747982874,0.00918980391407828,0.693930548763635,0.00503963357750697,TRUE,TRUE,0.693930548763635
"Armt1","ENSMUSG00000061759",-0.143585595730342,0.180702977201461,-0.194475633924468,0.0524229512325534,FALSE,FALSE,0.194475633924468
"Arpc5l","ENSMUSG00000026755",0.0199600473562376,0.847353553542158,-0.0071052611031266,0.948331170490646,FALSE,FALSE,0.0199600473562376
"Arrb1","ENSMUSG00000018909",0.172445788307905,0.34838875492347,0.0304348150749742,0.898605500710968,FALSE,FALSE,0.172445788307905
"Arsk","ENSMUSG00000021592",-0.336260850145353,0.00482686313257116,-0.198973844537422,0.133367650727851,TRUE,FALSE,0.336260850145353
"Asap1","ENSMUSG00000022377",-0.192021192126266,0.106749464533277,-0.291098277003561,0.00873747629453044,FALSE,TRUE,0.291098277003561
"Asns","ENSMUSG00000029752",2.90627250604002,1.15810913200242e-44,2.44725526457482,1.32288020031184e-34,TRUE,TRUE,2.90627250604002
"Aspscr1","ENSMUSG00000025142",0.055251095589334,0.623195751620157,-0.010137084690868,0.93924777270476,FALSE,FALSE,0.055251095589334
"Asxl2","ENSMUSG00000037486",-0.283081129874127,0.0134020303955066,-0.40604916593681,0.000168135858296368,TRUE,TRUE,0.40604916593681
"Atf4","ENSMUSG00000042406",-0.0399387423442977,0.856491824312895,0.0547945316113457,0.787938925885996,FALSE,FALSE,0.0547945316113457
"Atf5","ENSMUSG00000038539",0.356594256779341,0.00151901656791324,0.348510531752593,0.00198650744263965,TRUE,TRUE,0.356594256779341
"Atg3","ENSMUSG00000022663",-0.045451605738966,0.658749919873108,-0.215979031295021,0.00300335720966465,FALSE,TRUE,0.215979031295021
"Atic","ENSMUSG00000026192",0.0884565981450406,0.365043656460223,0.0586620485159001,0.575882666294166,FALSE,FALSE,0.0884565981450406
"Atp13a3","ENSMUSG00000022533",0.00903501087322012,0.966797918563674,0.133024110204968,0.414908555733714,FALSE,FALSE,0.133024110204968
"Atp2a2","ENSMUSG00000029467",1.80694041816737,1.82010609697784e-24,1.8330520973778,3.86602909693394e-25,TRUE,TRUE,1.8330520973778
"Atp2b1","ENSMUSG00000019943",0.0311478404473062,0.719767396699549,-0.130808820720285,0.0372153375721587,FALSE,TRUE,0.130808820720285
"Atp5mc1","ENSMUSG00000006057",-0.155806230626891,0.239356782345266,-0.377521552474118,0.00065600192553229,FALSE,TRUE,0.377521552474118
"Atp6v0a1","ENSMUSG00000019302",-0.325317361894715,4.69073011706787e-05,-0.276828885754415,0.000721256354527212,TRUE,TRUE,0.325317361894715
"Atp6v0b","ENSMUSG00000033379",-0.0603110558669617,0.489006786455877,-0.113129632448488,0.129663178006268,FALSE,FALSE,0.113129632448488
"Atp6v0c","ENSMUSG00000024121",0.121849803485563,0.140832171091495,-0.0320678415093354,0.762852064882722,FALSE,FALSE,0.121849803485563
"Atp6v0d1","ENSMUSG00000013160",-0.00238053731311898,0.988698791535763,-0.180713942000014,0.107117259954212,FALSE,FALSE,0.180713942000014
"Atp6v0e","ENSMUSG00000015575",0.380131225825353,0.00011036243758845,0.362062018127778,0.000252977694345247,TRUE,TRUE,0.380131225825353
"Atp6v1a","ENSMUSG00000052459",0.289567366991034,0.000112274498132803,0.146163307651774,0.0831361420917807,TRUE,FALSE,0.289567366991034
"Atp6v1b2","ENSMUSG00000006273",-0.0272054124865462,0.824686448590137,-0.0877081258185311,0.368299737074253,FALSE,FALSE,0.0877081258185311
"Atp6v1c1","ENSMUSG00000022295",0.0421597552934386,0.65975864409016,0.0343177101407701,0.719274099033441,FALSE,FALSE,0.0421597552934386
"Atp6v1d","ENSMUSG00000021114",0.0509325882872386,0.574833174022524,0.0634709760091199,0.450432594768009,FALSE,FALSE,0.0634709760091199
"Atp6v1e1","ENSMUSG00000019210",0.00422920610031063,0.962022450511526,0.030105190521886,0.68219331792295,FALSE,FALSE,0.030105190521886
"Atp6v1g1","ENSMUSG00000039105",0.205121085179138,0.0100823391311732,0.14285626447677,0.0951845385319711,TRUE,FALSE,0.205121085179138
"Atp6v1h","ENSMUSG00000033793",0.269113246693077,0.00814375174360522,0.21110136561763,0.049400657465786,TRUE,TRUE,0.269113246693077
"Atp7a","ENSMUSG00000033792",-0.257163978952595,0.0808539142935564,-0.200601170516656,0.197191915607,FALSE,FALSE,0.257163978952595
"Atxn3","ENSMUSG00000021189",-0.0436849170569126,0.78806012727535,-0.0794408953110237,0.578003787025831,FALSE,FALSE,0.0794408953110237
"Aurka","ENSMUSG00000027496",-0.695816258955406,0.00257735978373921,-1.11011451051206,2.44470281005695e-07,TRUE,TRUE,1.11011451051206
"Avl9","ENSMUSG00000029787",-0.243387132560671,0.107862141649625,-0.104229330009544,0.575955694434096,FALSE,FALSE,0.243387132560671
"Axl","ENSMUSG00000002602",0.725824321450263,1.85745001555414e-07,0.372541352287688,0.0149782346600456,TRUE,TRUE,0.725824321450263
"B3gat3","ENSMUSG00000071649",-0.0640267390683054,0.505139557391062,-0.167762349697474,0.0286699534876818,FALSE,TRUE,0.167762349697474
"Baalc","ENSMUSG00000022296",0.592528889199855,0.442834669563247,2.04911319857548,0.00390566951633104,FALSE,TRUE,2.04911319857548
"Bach1","ENSMUSG00000025612",-0.474890773110918,0.000447420368047234,-0.607838985369539,3.70987559687257e-06,TRUE,TRUE,0.607838985369539
"Bax","ENSMUSG00000003873",0.183695420211438,0.310150479436334,0.0295784762596203,0.903743227821184,FALSE,FALSE,0.183695420211438
"Bbs5","ENSMUSG00000063145",0.192903866269317,0.298086567591488,0.169994328338604,0.367249799423357,FALSE,FALSE,0.192903866269317
"Bbs9","ENSMUSG00000035919",-0.188916827259327,0.206252900532823,-0.343006112311988,0.00934311041151728,FALSE,TRUE,0.343006112311988
"Bbx","ENSMUSG00000022641",0.0999325853828791,0.546495008659904,0.045359707128682,0.80034957816806,FALSE,FALSE,0.0999325853828791
"Bcat1","ENSMUSG00000030268",2.60106336511029,2.88432131569946e-09,1.93032526301952,1.8700626166361e-06,TRUE,TRUE,2.60106336511029
"Bcl2","ENSMUSG00000057329",-0.733609961149406,0.00675397762588693,-1.1463502364526,5.54305565174085e-06,TRUE,TRUE,1.1463502364526
"Bcl2l13","ENSMUSG00000009112",-0.14878834826274,0.0750842994516732,-0.0447665760576787,0.672924079716783,FALSE,FALSE,0.14878834826274
"Bcl9l","ENSMUSG00000063382",-0.226681666731232,0.0751170139328187,-0.0373681592494834,0.830948871955225,FALSE,FALSE,0.226681666731232
"Bcr","ENSMUSG00000009681",0.133403495217297,0.552832179335566,-0.12108226416231,0.595896998880291,FALSE,FALSE,0.133403495217297
"Best3","ENSMUSG00000020169",-0.466974668576124,0.00453294747893432,-0.377641457668681,0.0270606064073836,TRUE,TRUE,0.466974668576124
"Bfsp1","ENSMUSG00000027420",0.750582644269646,0.279932056866748,0.725564129013421,0.241205064395119,FALSE,FALSE,0.750582644269646
"Bhlhe40","ENSMUSG00000030103",-0.287557020032181,0.196259644886153,-0.490394883134564,0.0133997505150604,FALSE,TRUE,0.490394883134564
"Bloc1s1","ENSMUSG00000090247",0.193273078221062,0.6214878922486,-0.461579556773271,0.131012138372501,FALSE,FALSE,0.461579556773271
"Bloc1s6","ENSMUSG00000005804",0.299984980013949,1.4151696594393e-05,0.245607093258869,0.000491816072522817,TRUE,TRUE,0.299984980013949
"Bmi1","ENSMUSG00000026739",-0.346742422683979,3.84703720389578e-09,-0.469249425429344,3.30071679424097e-16,TRUE,TRUE,0.469249425429344
"Bnc2","ENSMUSG00000028487",-0.0855007005050588,0.889762473539521,-0.225425186689787,0.666887899604925,FALSE,FALSE,0.225425186689787
"Bnip3l","ENSMUSG00000022051",-0.0854834354220862,0.62584084540386,0.086857250591287,0.60524103121688,FALSE,FALSE,0.086857250591287
"Bod1","ENSMUSG00000044502",-0.077125338126197,0.432589957413814,-0.0221718285326848,0.849567289243291,FALSE,FALSE,0.077125338126197
"Bptf","ENSMUSG00000040481",-0.32446760502122,0.00239098025490902,-0.300302686874561,0.00558241680796288,TRUE,TRUE,0.32446760502122
"Brca2","ENSMUSG00000041147",0.0181119641675753,0.968945090500703,-0.147957609154512,0.705883256206088,FALSE,FALSE,0.147957609154512
"Bri3","ENSMUSG00000047843",-0.0211789887394744,0.915470815078172,-0.0875206555032335,0.596135698658706,FALSE,FALSE,0.0875206555032335
"Brox","ENSMUSG00000046836",-0.126837100349779,0.0817872209280081,-0.121932469729631,0.0967164972217758,FALSE,FALSE,0.126837100349779
"Bsg","ENSMUSG00000023175",-0.0602778940075642,0.473776847649793,-0.143369480039438,0.0362699748601031,FALSE,TRUE,0.143369480039438
"Btbd19","ENSMUSG00000073771",0.383743554124724,0.13989468689048,0.534594500614862,0.0335975755455083,FALSE,TRUE,0.534594500614862
"Btg2","ENSMUSG00000020423",0.689056703950713,0.341517244644501,0.67209908429852,0.349148585995644,FALSE,FALSE,0.689056703950713
"Btk","ENSMUSG00000031264",1.70913387697354,2.12873234993438e-07,0.665946608767597,0.0501355875831816,TRUE,FALSE,1.70913387697354
"Bub1","ENSMUSG00000027379",3.55335999221119,0.000457255809845241,2.64098924535428,0.0153457817490746,TRUE,TRUE,3.55335999221119
"C1qtnf6","ENSMUSG00000022440",0.684578754422829,0.000590619327826123,0.367006587410628,0.0948766127673995,TRUE,FALSE,0.684578754422829
"C2","ENSMUSG00000024371",-0.284374481053591,0.652541852514935,0.819028922384532,0.107828584265783,FALSE,FALSE,0.819028922384532
"C9","ENSMUSG00000022149",0.369466381462313,0.910548341476819,1.35588562828062,0.444706528094067,FALSE,FALSE,1.35588562828062
"Cacna1a","ENSMUSG00000034656",0.128082513916931,0.552500617606679,0.41747436061665,0.0132651743654063,FALSE,TRUE,0.41747436061665
"Cacnb1","ENSMUSG00000020882",0.177935048582284,0.156422687776567,0.0931430022815594,0.517013054749335,FALSE,FALSE,0.177935048582284
"Cacul1","ENSMUSG00000033417",-0.29087473631811,0.000216436074594411,-0.388020688634781,3.18848576683985e-07,TRUE,TRUE,0.388020688634781
"Cacybp","ENSMUSG00000014226",0.0337161209550415,0.758717107733968,0.0760158890793474,0.406437810450911,FALSE,FALSE,0.0760158890793474
"1700110C19Rik","ENSMUSG00000099384",-0.209832726195082,0.440861048359762,-0.0700389956159981,0.829136800399206,FALSE,FALSE,0.209832726195082
"Cald1","ENSMUSG00000029761",0.0449296113778311,0.832941462096879,0.014532457505375,0.949341174930748,FALSE,FALSE,0.0449296113778311
"Calhm6","ENSMUSG00000046031",2.53352094559531,0.06905655166327,0.0302192409373911,0.988374188882836,FALSE,FALSE,2.53352094559531
"Calr","ENSMUSG00000003814",1.15590115744961,7.1795423960271e-77,1.12750751470216,8.64389756848283e-73,TRUE,TRUE,1.15590115744961
"Camk2d","ENSMUSG00000053819",0.00608640214606976,0.971384513408067,0.116224570983809,0.351512628708781,FALSE,FALSE,0.116224570983809
"Camta1","ENSMUSG00000014592",0.0535975372641255,0.7538819994972,0.0870205115535296,0.565392541046651,FALSE,FALSE,0.0870205115535296
"Canx","ENSMUSG00000020368",0.802522669119152,2.57271893568319e-29,0.789876701801739,2.2935662912826e-28,TRUE,TRUE,0.802522669119152
"Cap1","ENSMUSG00000028656",0.491728909413645,1.31667898392026e-06,0.258244523662032,0.0216372936757598,TRUE,TRUE,0.491728909413645
"Capn7","ENSMUSG00000021893",-0.205379840179074,0.00193624667154076,-0.246115613607254,0.00013479143473691,TRUE,TRUE,0.246115613607254
"Casp12","ENSMUSG00000025887",-0.0316936039370499,0.914299966979235,-0.552743988980017,0.00265973458644119,FALSE,TRUE,0.552743988980017
"Casp4","ENSMUSG00000033538",1.25948158139942,9.52011428877698e-07,0.780527079644586,0.00387776499867763,TRUE,TRUE,1.25948158139942
"Cast","ENSMUSG00000021585",0.0570710711223524,0.683451934213132,0.28686295256998,0.0034387744208892,FALSE,TRUE,0.28686295256998
"Catsperd","ENSMUSG00000040828",1.05690887115624,0.233772850697195,2.16152041161607,0.0520743943267476,FALSE,FALSE,2.16152041161607
"Cc2d1b","ENSMUSG00000028582",-0.110862729292093,0.200713091742211,-0.189958998117741,0.0150338134767161,FALSE,TRUE,0.189958998117741
"Ccdc125","ENSMUSG00000048924",-0.18478043002918,0.772551369204612,-0.126971176030884,0.837306375747605,FALSE,FALSE,0.18478043002918
"Ccdc82","ENSMUSG00000079084",-0.0279855280962844,0.879591426560643,0.0711807747002694,0.663236184103085,FALSE,FALSE,0.0711807747002694
"Ccdc9","ENSMUSG00000041375",-0.0423953065056252,0.744292220331035,0.0677902418874213,0.565000590320098,FALSE,FALSE,0.0677902418874213
"Ccn3","ENSMUSG00000037362",0.7229054734675,0.000945301264194446,0.110190586492081,0.721040319643665,TRUE,FALSE,0.7229054734675
"Ccnf","ENSMUSG00000072082",0.782846911439724,0.0183240640275051,0.959884260010919,0.00268887476880187,TRUE,TRUE,0.959884260010919
"Ccng1","ENSMUSG00000020326",-0.24882931215927,0.00706823143041254,-0.362272030392776,3.30173492176361e-05,TRUE,TRUE,0.362272030392776
"Ccnl1","ENSMUSG00000027829",0.24696837566574,0.116723671879798,0.0722467060029606,0.71626740597922,FALSE,FALSE,0.24696837566574
"Ccrl2","ENSMUSG00000043953",-0.738115960207326,0.00329746035873963,-0.783091170044387,0.00148848915566027,TRUE,TRUE,0.783091170044387
"Cct6a","ENSMUSG00000029447",-0.0403020036471858,0.628353486298717,-0.0315848302462546,0.703400776265372,FALSE,FALSE,0.0403020036471858
"Cd164","ENSMUSG00000019818",-0.154247037064545,0.132936733717464,-0.24551934052904,0.00861617883803856,FALSE,TRUE,0.24551934052904
"Cd22","ENSMUSG00000030577",2.19396119932228,0.00895901153393243,-0.260822404556107,0.790409410662099,TRUE,FALSE,2.19396119932228
"Cd2bp2","ENSMUSG00000042502",0.010567406958285,0.922516854994636,0.0909368248714309,0.25560199478846,FALSE,FALSE,0.0909368248714309
"Cd34","ENSMUSG00000016494",0.516972191986012,0.00134412615390935,0.206432786519264,0.283127904131336,TRUE,FALSE,0.516972191986012
"Cd5l","ENSMUSG00000015854",2.80704441421665,0.17867461822713,2.08774713140619,0.286983680296279,FALSE,FALSE,2.80704441421665
"Cd63","ENSMUSG00000025351",0.539636709458357,5.9923652840588e-08,0.374858923158669,0.00031002159792157,TRUE,TRUE,0.539636709458357
"Cd68","ENSMUSG00000018774",2.48908528470535,9.34022074468759e-07,2.72624332422732,5.66523730833821e-08,TRUE,TRUE,2.72624332422732
"Cd9","ENSMUSG00000030342",0.834760949635918,2.65515024930927e-07,0.557914520322061,0.00108723392100581,TRUE,TRUE,0.834760949635918
"Cdc25a","ENSMUSG00000032477",0.078310337995495,0.514152819378248,0.0487258482752014,0.698188182590356,FALSE,FALSE,0.078310337995495
"Cdh5","ENSMUSG00000031871",-0.338003344804627,0.0489354722438309,-0.235234052105072,0.202363140598385,TRUE,FALSE,0.338003344804627
"Cdk14","ENSMUSG00000028926",0.839857556807892,5.41319161029371e-10,0.798238348888826,9.54691844552996e-09,TRUE,TRUE,0.839857556807892
"Cdk4","ENSMUSG00000006728",0.222499956797347,0.00674266656332554,0.0961772279928282,0.318961637064346,TRUE,FALSE,0.222499956797347
"Cdkl3","ENSMUSG00000020389",0.253108025938344,0.25938332442779,0.697349300743491,0.00017186369184608,FALSE,TRUE,0.697349300743491
"Cdkn1a","ENSMUSG00000023067",0.923392776162008,0.0449386635190081,1.98676904160185,1.20697181165715e-06,TRUE,TRUE,1.98676904160185
"Cdkn1b","ENSMUSG00000003031",-0.0911164920890463,0.300279976836078,-0.204581592407521,0.0055975962289911,FALSE,TRUE,0.204581592407521
"Cdkn2c","ENSMUSG00000028551",-0.34004130909943,0.0845691823960842,-0.421779159538335,0.0255288982227803,FALSE,TRUE,0.421779159538335
"Celf1","ENSMUSG00000005506",-0.0863817688772497,0.258742058415679,-0.0706877852327566,0.369804283718655,FALSE,FALSE,0.0863817688772497
"Cenpa","ENSMUSG00000029177",0.550412762580464,0.00548261414747229,0.487713936202786,0.0155237397793129,TRUE,TRUE,0.550412762580464
"Cenpp","ENSMUSG00000021391",0.403064019493577,0.262868582120216,-0.109782531764609,0.80729646947051,FALSE,FALSE,0.403064019493577
"Cep120","ENSMUSG00000048799",-0.0249676204920061,0.843905180465822,0.0335850255864911,0.776208678221352,FALSE,FALSE,0.0335850255864911
"Cep135","ENSMUSG00000036403",-0.131436401888196,0.589728667302954,-0.0503334036540795,0.857681658901158,FALSE,FALSE,0.131436401888196
"Cep162","ENSMUSG00000056919",0.0679387426890977,0.786472696070765,0.0395504903078832,0.87825946847996,FALSE,FALSE,0.0679387426890977
"Cep164","ENSMUSG00000043987",0.135780995832956,0.546796270544566,0.341566134260527,0.0632540101265718,FALSE,FALSE,0.341566134260527
"Cep63","ENSMUSG00000032534",-0.0195105436453975,0.874561504653099,-0.00859643319510274,0.946885811420344,FALSE,FALSE,0.0195105436453975
"Cfap161","ENSMUSG00000011154",NA,NA,1.94304603791372,0.367293789411967,FALSE,FALSE,1.94304603791372
"Cfap251","ENSMUSG00000029442",0.153525018524577,0.509403236383806,0.378004654321171,0.0580127739527038,FALSE,FALSE,0.378004654321171
"Cfdp1","ENSMUSG00000031954",0.179985897301833,0.115551160176308,0.196479715963008,0.0785031369917299,FALSE,FALSE,0.196479715963008
"Cfp","ENSMUSG00000001128",1.09062049293771,4.81812856887389e-12,0.53352951703718,0.00169363638036459,TRUE,TRUE,1.09062049293771
"Chchd3","ENSMUSG00000053768",-0.231769418974661,0.000600707439772397,-0.237475979569491,0.000413018528664714,TRUE,TRUE,0.237475979569491
"Chic1","ENSMUSG00000031327",-0.02124736100387,0.975461390777181,0.230053435943705,0.691236021371337,FALSE,FALSE,0.230053435943705
"Chm","ENSMUSG00000025531",-0.410421050737945,1.96089590655998e-08,-0.42050713640603,1.04669298825131e-08,TRUE,TRUE,0.42050713640603
"Cipc","ENSMUSG00000034157",-0.129339220812999,0.290605790739062,-0.0409486157224729,0.780919153684777,FALSE,FALSE,0.129339220812999
"Cisd2","ENSMUSG00000028165",-0.133973141385793,0.0611035739340583,-0.117421983000514,0.108119524011959,FALSE,FALSE,0.133973141385793
"Clcn6","ENSMUSG00000029016",-0.0827651297865701,0.62479696568073,-0.188840202660404,0.172902134165935,FALSE,FALSE,0.188840202660404
"Clcn7","ENSMUSG00000036636",-0.0515842904350254,0.504552425284393,-0.0580014961740713,0.442837057685569,FALSE,FALSE,0.0580014961740713
"Clip1","ENSMUSG00000049550",-0.393075762668136,3.62421811750355e-05,-0.272127572617211,0.00676551383213616,TRUE,TRUE,0.393075762668136
"Clip4","ENSMUSG00000024059",-0.364292048157671,9.01901698826829e-05,-0.342241140937235,0.000259856799664564,TRUE,TRUE,0.364292048157671
"Cln3","ENSMUSG00000030720",0.0703010718524251,0.703688320987934,-0.110433174316717,0.510912472808032,FALSE,FALSE,0.110433174316717
"Cln6","ENSMUSG00000032245",0.016808477752864,0.925411362058479,-0.0986665428177727,0.497334961035351,FALSE,FALSE,0.0986665428177727
"Clta","ENSMUSG00000028478",0.267556209420593,0.000897175753632613,0.118594064687633,0.207655607092824,TRUE,FALSE,0.267556209420593
"Cltc","ENSMUSG00000047126",-0.0114630910546714,0.925940361732786,-0.156532293796948,0.0582634932536995,FALSE,FALSE,0.156532293796948
"Cluap1","ENSMUSG00000014232",0.0591604279281131,0.771269664586779,0.0833236331749245,0.650869086600769,FALSE,FALSE,0.0833236331749245
"Cluh","ENSMUSG00000020741",-0.233042876096513,0.00859651043361153,-0.233663567674417,0.00838816835685275,TRUE,TRUE,0.233663567674417
"Cmc2","ENSMUSG00000014633",-0.17874054893784,0.136872097624522,-0.213782280571732,0.0613699428920477,FALSE,FALSE,0.213782280571732
"Cmip","ENSMUSG00000034390",-0.107518971007264,0.657197628314212,0.164677215766684,0.461287756868059,FALSE,FALSE,0.164677215766684
"Cnih3","ENSMUSG00000026514",NA,NA,NA,NA,FALSE,FALSE,NA
"Cnot8","ENSMUSG00000020515",0.016984053243947,0.857331439289325,0.00649836260697131,0.947619643335174,FALSE,FALSE,0.016984053243947
"Cnppd1","ENSMUSG00000033159",-0.0691486547921365,0.600021289501532,0.0430534694748879,0.754305346311934,FALSE,FALSE,0.0691486547921365
"Cnrip1","ENSMUSG00000044629",0.602882445155616,0.00375238214723671,0.375598989109032,0.0980480814846816,TRUE,FALSE,0.602882445155616
"Col12a1","ENSMUSG00000032332",-0.122436633405087,0.949658301430146,1.76714566458768,0.193807793395687,FALSE,FALSE,1.76714566458768
"Col27a1","ENSMUSG00000045672",0.750448008407408,0.00453365233389137,1.023138330108,9.02804919794728e-05,TRUE,TRUE,1.023138330108
"Commd3","ENSMUSG00000051154",0.0615782441128107,0.404400852470726,-0.0384262304615835,0.625309581215713,FALSE,FALSE,0.0615782441128107
"Commd4","ENSMUSG00000032299",0.0928027987422877,0.473108089953718,-0.0744033656523135,0.575955694434096,FALSE,FALSE,0.0928027987422877
"Coprs","ENSMUSG00000031458",0.442228656212075,0.000952165446585576,0.172870529129824,0.262442242854843,TRUE,FALSE,0.442228656212075
"Cops5","ENSMUSG00000025917",-0.0339956260372743,0.722435185447789,-0.0531936050047636,0.533932581339604,FALSE,FALSE,0.0531936050047636
"Coro1a","ENSMUSG00000030707",1.91560830780874,9.85593316350163e-14,0.752598233137402,0.0060311652254031,TRUE,TRUE,1.91560830780874
"Coro1b","ENSMUSG00000024835",0.188134597937515,0.230007863012562,0.0880856880693465,0.626590868340434,FALSE,FALSE,0.188134597937515
"Coro1c","ENSMUSG00000004530",0.427236545080252,0.0118906528668082,0.306852061307242,0.0927832697115391,TRUE,FALSE,0.427236545080252
"Coro7","ENSMUSG00000039637",0.0209560336153109,0.88674762472741,-0.0526019235561015,0.675627348079632,FALSE,FALSE,0.0526019235561015
"Cox5a","ENSMUSG00000000088",-0.0944781324835922,0.522227726632876,-0.228578977189406,0.05499744064363,FALSE,FALSE,0.228578977189406
"Cox7a2","ENSMUSG00000032330",0.0277866345027314,0.899445360446034,-0.134143838452923,0.423137917465398,FALSE,FALSE,0.134143838452923
"Cp","ENSMUSG00000003617",0.0107347365485791,0.975090270345669,0.332042987632985,0.152964175206939,FALSE,FALSE,0.332042987632985
"Cpa3","ENSMUSG00000001865",0.601939671332982,0.305916793644715,0.289012683078225,0.664565803677172,FALSE,FALSE,0.601939671332982
"Cped1","ENSMUSG00000062980",-0.389375105069231,3.41412254574874e-06,-0.062258468460556,0.602288266733933,TRUE,FALSE,0.389375105069231
"Cracd","ENSMUSG00000036377",-1.0326589503798,3.91926255985038e-08,-0.809726888924393,2.05344210748459e-05,TRUE,TRUE,1.0326589503798
"Crbn","ENSMUSG00000005362",-0.110973549816981,0.241094139062349,-0.201507135349394,0.0159450117907626,FALSE,TRUE,0.201507135349394
"Crcp","ENSMUSG00000025532",-0.0520861929649305,0.684695521230285,0.00744726193622764,0.961071543398297,FALSE,FALSE,0.0520861929649305
"Creb3l4","ENSMUSG00000027938",0.219414347325799,0.812431185846749,0.558810335033412,0.490394520338819,FALSE,FALSE,0.558810335033412
"Crebrf","ENSMUSG00000048249",-0.156516107017711,0.305419721441562,-0.184856473234532,0.205323640820335,FALSE,FALSE,0.184856473234532
"Crem","ENSMUSG00000063889",-0.00601330877343015,0.976561448402278,-0.145513747059239,0.321608819329018,FALSE,FALSE,0.145513747059239
"Cth","ENSMUSG00000028179",-0.0076146781093065,0.990865506626924,0.129025980286233,0.833561975428379,FALSE,FALSE,0.129025980286233
"Ctnna1","ENSMUSG00000037815",0.0732102359438744,0.388798324178498,0.0860259868748515,0.28918229178176,FALSE,FALSE,0.0860259868748515
"Ctns","ENSMUSG00000005949",-0.0321063423449097,0.867917623297758,-0.150544774362601,0.305485432055875,FALSE,FALSE,0.150544774362601
"Ctsa","ENSMUSG00000017760",-0.00612270884834708,0.949986922820753,-0.0278604744379748,0.741960526828493,FALSE,FALSE,0.0278604744379748
"Ctsb","ENSMUSG00000021939",0.0823403183304758,0.361837613189258,-0.0663838939576469,0.47630747126285,FALSE,FALSE,0.0823403183304758
"Ctsc","ENSMUSG00000030560",-0.0643162869430199,0.807509530576132,-0.125357723234136,0.582194092068712,FALSE,FALSE,0.125357723234136
"Ctsd","ENSMUSG00000007891",-0.034638663572636,0.807299247929672,-0.0405619006517985,0.759367472609874,FALSE,FALSE,0.0405619006517985
"2210416O15Rik","ENSMUSG00000018378",-0.449599248324389,6.80042318059515e-08,-0.291597822511464,0.000899572615429279,TRUE,TRUE,0.449599248324389
"Cul4b","ENSMUSG00000031095",0.207398460485768,0.0528294299550375,0.192904823826808,0.0754766072843575,FALSE,FALSE,0.207398460485768
"Cul5","ENSMUSG00000032030",-0.411693933200689,4.72876527225548e-10,-0.400861426864189,1.391259710079e-09,TRUE,TRUE,0.411693933200689
"Cul9","ENSMUSG00000040327",-0.285644642877227,0.00104721804580082,-0.29520179274004,0.000714595145672176,TRUE,TRUE,0.29520179274004
"Cuta","ENSMUSG00000024194",-0.0260039451143753,0.848176379625239,-0.13287902295549,0.182490556685917,FALSE,FALSE,0.13287902295549
"Cxcl16","ENSMUSG00000018920",1.39588555362558,1.92451195832366e-06,1.17728078776117,5.94420791086927e-05,TRUE,TRUE,1.39588555362558
"Cxcl2","ENSMUSG00000058427",2.348922357512,0.141847531936999,2.19712037701542,0.20597803073433,FALSE,FALSE,2.348922357512
"Cxcr4","ENSMUSG00000045382",0.91975403630445,7.12858361722075e-06,0.274912394100997,0.262269471959699,TRUE,FALSE,0.91975403630445
"Cyb5b","ENSMUSG00000031924",-0.463026112017342,9.14269261950908e-08,-0.538661977929431,2.87197138957184e-10,TRUE,TRUE,0.538661977929431
"Cybrd1","ENSMUSG00000027015",-0.410851761510297,0.558973373012505,0.61015982173642,0.389138842047871,FALSE,FALSE,0.61015982173642
"Cyp51","ENSMUSG00000001467",0.354587952508929,0.0413119100635814,0.508842755259849,0.00144838949168678,TRUE,TRUE,0.508842755259849
"Cyren","ENSMUSG00000046806",-0.343533181822003,0.0687290881158576,-0.107654935663442,0.655436105207877,FALSE,FALSE,0.343533181822003
"Cystm1","ENSMUSG00000046727",-0.123157808407624,0.23135055847806,-0.166699473056685,0.0816394425334073,FALSE,FALSE,0.166699473056685
"Dab2","ENSMUSG00000022150",0.622332147850406,0.00239886146712568,0.327425625613883,0.158684965056265,TRUE,FALSE,0.622332147850406
"Dancr","ENSMUSG00000106943",1.47605862843938,8.17142979443014e-07,1.37290357562446,3.6990881392032e-06,TRUE,TRUE,1.47605862843938
"Dapp1","ENSMUSG00000028159",-0.960546203188067,4.9336898242824e-05,-0.190341897657356,0.55648267790781,TRUE,FALSE,0.960546203188067
"Dazap2","ENSMUSG00000000346",0.0385364021743413,0.642868720418666,0.105098160396653,0.107598645236462,FALSE,FALSE,0.105098160396653
"Dbp","ENSMUSG00000059824",-0.136213255876714,0.873225419203949,-1.18960117073699,0.0356680150119914,FALSE,TRUE,1.18960117073699
"Dcaf13","ENSMUSG00000022300",0.048238763918892,0.749172697754435,0.103992420796808,0.408916856417114,FALSE,FALSE,0.103992420796808
"Dck","ENSMUSG00000029366",0.472314943379244,0.00164770838820556,0.354775939762552,0.0214645318388543,TRUE,TRUE,0.472314943379244
"Ddit3","ENSMUSG00000025408",0.446980973756346,0.0444104325612608,0.50564356140945,0.0192061141649478,TRUE,TRUE,0.50564356140945
"Ddit4","ENSMUSG00000020108",-0.53385626334553,0.477900914139346,-0.25747426979332,0.757175001556285,FALSE,FALSE,0.53385626334553
"Ddx39a","ENSMUSG00000005481",0.266664571380126,0.0174440935408266,0.225905738581617,0.0495681907199271,TRUE,TRUE,0.266664571380126
"Ddx54","ENSMUSG00000029599",0.182160826618344,0.0276338621057327,0.0208953243903578,0.863030540392351,TRUE,FALSE,0.182160826618344
"Dennd1a","ENSMUSG00000035392",-0.237564006818467,0.000809050202685918,-0.216039869159885,0.00286490268478353,TRUE,TRUE,0.237564006818467
"Dennd6a","ENSMUSG00000040818",-0.122311428310033,0.208566614836386,-0.217358863763137,0.0144435902460806,FALSE,TRUE,0.217358863763137
"Dgki","ENSMUSG00000038665",2.41972277934775,0.00269169292448026,4.52193082265284,0.000415647611329455,TRUE,TRUE,4.52193082265284
"Dhcr24","ENSMUSG00000034926",0.160167425257464,0.668294839154752,0.51781065133906,0.0650305377280385,FALSE,FALSE,0.51781065133906
"Dhcr7","ENSMUSG00000058454",0.342193780876454,0.00441242662788279,0.0982619360160394,0.519820550042172,TRUE,FALSE,0.342193780876454
"Dhfr","ENSMUSG00000021707",0.0560921022392799,0.844985236165851,-0.00627529464313934,0.983684966156877,FALSE,FALSE,0.0560921022392799
"Dhx35","ENSMUSG00000027655",-0.244110214588105,0.00808203152580836,-0.361034876062892,3.31235242034054e-05,TRUE,TRUE,0.361034876062892
"Diaph1","ENSMUSG00000024456",0.0260174782984001,0.911247449754472,0.268857330334911,0.0914493444920334,FALSE,FALSE,0.268857330334911
"Diaph2","ENSMUSG00000034480",-0.0847709159481921,0.616087521680071,-0.132687510659868,0.386547801392756,FALSE,FALSE,0.132687510659868
"Dlc1","ENSMUSG00000031523",-0.0375859196392392,0.904826525519232,-0.420392435305722,0.0415394455000307,FALSE,TRUE,0.420392435305722
"Dlg2","ENSMUSG00000052572",1.52311721959508,8.65815970011303e-07,0.669433926216474,0.0537296550633387,TRUE,FALSE,1.52311721959508
"Dmac2l","ENSMUSG00000054894",-0.0367268079958673,0.825830330609275,-0.167980967231878,0.170792211569402,FALSE,FALSE,0.167980967231878
"Dnah11","ENSMUSG00000018581",NA,NA,NA,NA,FALSE,FALSE,NA
"Dnah12","ENSMUSG00000021879",2.02862792120403,0.128686159886611,4.08946599361264,0.00633062527343207,FALSE,TRUE,4.08946599361264
"Dnajb5","ENSMUSG00000036052",-0.326388694152479,0.00356562008838271,-0.21227105018406,0.0800113237253489,TRUE,FALSE,0.326388694152479
"Dnajc13","ENSMUSG00000032560",-0.264217768099231,0.000166482630434128,-0.323728858664933,2.20526600275892e-06,TRUE,TRUE,0.323728858664933
"Dnph1","ENSMUSG00000040658",-0.101483398637613,0.715298857285333,0.0172075839635588,0.958164491970213,FALSE,FALSE,0.101483398637613
"Dock5","ENSMUSG00000044447",0.689770844659069,0.00203536400925241,0.808772709226404,0.000269955024539072,TRUE,TRUE,0.808772709226404
"Dock9","ENSMUSG00000025558",-0.506135493894553,0.00213647173805892,-0.608692881740359,0.00015851549611994,TRUE,TRUE,0.608692881740359
"Dolk","ENSMUSG00000075419",-0.151095643341051,0.0557336190652308,-0.207977635322121,0.00541812151162493,FALSE,TRUE,0.207977635322121
"Dpp7","ENSMUSG00000026958",-0.278732376557252,0.0512143608137065,-0.532641976800596,3.71704645045193e-05,FALSE,TRUE,0.532641976800596
"Dpy19l3","ENSMUSG00000043671",0.0259497868835778,0.940129184279141,0.617256217203196,0.00425535699152145,FALSE,TRUE,0.617256217203196
"Drosha","ENSMUSG00000022191",-0.116660703825484,0.0737283981840315,-0.104410973260276,0.118077572043277,FALSE,FALSE,0.116660703825484
"Dusp1","ENSMUSG00000024190",0.269949876391668,0.696403960852713,-0.18451363120388,0.790879535281151,FALSE,FALSE,0.269949876391668
"Dusp3","ENSMUSG00000003518",-0.273983027260872,7.10393921357651e-05,-0.484255242048417,1.11534982672878e-13,TRUE,TRUE,0.484255242048417
"Dusp4","ENSMUSG00000031530",2.00709600939939,1.0613951081451e-21,1.86939603164719,1.18141928684831e-18,TRUE,TRUE,2.00709600939939
"Dusp6","ENSMUSG00000019960",0.42439506080773,0.142967076663921,-0.264880624750947,0.406159040978174,FALSE,FALSE,0.42439506080773
"Dusp7","ENSMUSG00000053716",-0.505588690141328,0.0716354778259713,-0.68204845061178,0.0104859950106097,FALSE,TRUE,0.68204845061178
"Dvl2","ENSMUSG00000020888",-0.0891908735668491,0.651883521444458,0.054219330871144,0.790879535281151,FALSE,FALSE,0.0891908735668491
"Dynlt4","ENSMUSG00000047671",NA,NA,NA,NA,FALSE,FALSE,NA
"Dyrk1a","ENSMUSG00000022897",-0.329698316179998,4.90735804364218e-05,-0.31211213575149,0.00012920695338166,TRUE,TRUE,0.329698316179998
"Dyrk4","ENSMUSG00000030345",-1.25434172296371,0.463884400679112,-2.06228762265574,0.325678966608488,FALSE,FALSE,2.06228762265574
"E2f6","ENSMUSG00000057469",-0.517652090649864,9.55341319961414e-14,-0.509843306272728,2.30512520651258e-13,TRUE,TRUE,0.517652090649864
"Ebp","ENSMUSG00000031168",0.33085381918451,0.00358502273630007,0.220266859943017,0.071374361496898,TRUE,FALSE,0.33085381918451
"Ecd","ENSMUSG00000021810",-0.147462605453353,0.0233935450273487,-0.0781649966017879,0.290920466174869,TRUE,FALSE,0.147462605453353
"Ece1","ENSMUSG00000057530",-0.415607123183246,8.82233683995751e-06,-0.511615980681273,2.45743039012985e-08,TRUE,TRUE,0.511615980681273
"Edem1","ENSMUSG00000030104",0.755714513765137,5.04782664434163e-14,0.854146675934652,2.04829601523956e-17,TRUE,TRUE,0.854146675934652
"Edn1","ENSMUSG00000021367",-0.50228185053846,0.136370149957574,0.0295739461774447,0.953662304157643,FALSE,FALSE,0.50228185053846
"Eef1e1","ENSMUSG00000001707",0.132817171440081,0.340971979167756,0.109548044719496,0.44394162956149,FALSE,FALSE,0.132817171440081
"Efcab3","ENSMUSG00000020690",1.69259256069125,0.220762882642293,4.01609940157853,0.00675644132099501,FALSE,TRUE,4.01609940157853
"Efemp1","ENSMUSG00000020467",0.360449444925176,0.268097359823666,-0.183108461770379,0.617216205011829,FALSE,FALSE,0.360449444925176
"Efhb","ENSMUSG00000023931",0.586824977019932,0.656967353172018,0.805536602205979,0.442813189045382,FALSE,FALSE,0.805536602205979
"Efhc1","ENSMUSG00000041809",0.103241414182187,0.904826525519232,0.454920716629206,0.506795924713004,FALSE,FALSE,0.454920716629206
"Efhd2","ENSMUSG00000040659",1.1148623238553,1.69000648235943e-13,1.03314388508704,1.56245167269647e-11,TRUE,TRUE,1.1148623238553
"Egln2","ENSMUSG00000058709",-0.130220850030088,0.0800678961014079,-0.230076880336987,0.000626313829988827,FALSE,TRUE,0.230076880336987
"Egln3","ENSMUSG00000035105",0.316309281835878,0.0987730240085532,0.475183617636897,0.00726900166511342,FALSE,TRUE,0.475183617636897
"Ehd1","ENSMUSG00000024772",0.0909241429730488,0.512838030421044,0.03967381487429,0.796532593808553,FALSE,FALSE,0.0909241429730488
"Ehmt2","ENSMUSG00000013787",0.0664794743911328,0.551806318578536,0.0814495961138155,0.438446721561065,FALSE,FALSE,0.0814495961138155
"Eif2s1","ENSMUSG00000021116",0.0339384129923028,0.669555452305326,0.138198510153221,0.0168310769924973,FALSE,TRUE,0.138198510153221
"Eif2s2","ENSMUSG00000074656",-0.288517011236693,7.55526611419308e-05,-0.290915917326848,6.25450477734547e-05,TRUE,TRUE,0.290915917326848
"Eif3a","ENSMUSG00000024991",0.249812791724321,0.00347142061214374,0.283208451071604,0.000720270715284422,TRUE,TRUE,0.283208451071604
"Eif3k","ENSMUSG00000053565",0.0381760875991762,0.697567931362471,-0.118987534327239,0.11342273403201,FALSE,FALSE,0.118987534327239
"Eif4a3","ENSMUSG00000025580",0.0306379726375309,0.766994044514055,0.0765126873207497,0.364355990763381,FALSE,FALSE,0.0765126873207497
"Eif4b","ENSMUSG00000058655",-0.150154766980651,0.192879971012789,-0.0942029613014797,0.457757240707235,FALSE,FALSE,0.150154766980651
"Eif4e","ENSMUSG00000028156",0.0209119251511244,0.895339925671811,-0.0746547824034645,0.557861994142777,FALSE,FALSE,0.0746547824034645
"Eif4g1","ENSMUSG00000045983",-0.211510633751822,0.000175343168368339,-0.17451471394549,0.00260555901893982,TRUE,TRUE,0.211510633751822
"Eif5a2","ENSMUSG00000050192",0.211543866769346,0.420963952547664,0.108252706648902,0.714534167781036,FALSE,FALSE,0.211543866769346
"Eldr","ENSMUSG00000087060",-0.358543672652394,0.590146085683906,-0.447686046659522,0.47077626153581,FALSE,FALSE,0.447686046659522
"Elk3","ENSMUSG00000008398",-0.138429973732475,0.510529030312393,-0.110656234208546,0.603603079109142,FALSE,FALSE,0.138429973732475
"Elovl5","ENSMUSG00000032349",0.0104258522785979,0.960333195671742,0.0406243742072986,0.830099452666374,FALSE,FALSE,0.0406243742072986
"Elovl6","ENSMUSG00000041220",0.843544850744935,0.0505213785487149,1.3382073907768,0.000451148732951089,FALSE,TRUE,1.3382073907768
"Elp2","ENSMUSG00000024271",-0.0669269151514527,0.493525858709562,-0.113933963602048,0.178601673130115,FALSE,FALSE,0.113933963602048
"Elp3","ENSMUSG00000022031",-0.224463848147998,0.000612876462421192,-0.144493171944809,0.0407595006978139,TRUE,TRUE,0.224463848147998
"Emc2","ENSMUSG00000022337",-0.0471956124169008,0.585050777886441,-0.0804396203454704,0.280270254386436,FALSE,FALSE,0.0804396203454704
"Enah","ENSMUSG00000022995",-0.105195495363485,0.867525678740363,1.04251669174803,0.0106224096575113,FALSE,TRUE,1.04251669174803
"Enkur","ENSMUSG00000026679",1.02204487041604,0.100835347491975,1.25447180488194,0.0476534776448603,FALSE,TRUE,1.25447180488194
"Eno1","ENSMUSG00000059040",NA,NA,NA,NA,FALSE,FALSE,NA
"Eno3","ENSMUSG00000060600",-0.188575248541092,0.108291372758869,-0.366989936593657,0.000403462384118088,FALSE,TRUE,0.366989936593657
"Entrep1","ENSMUSG00000071604",-0.282929224064544,0.00280278839117672,-0.275284591643528,0.00398368996144802,TRUE,TRUE,0.282929224064544
"Ep300","ENSMUSG00000055024",-0.57554637649433,6.27203025498897e-12,-0.488566329580123,8.94704066340899e-09,TRUE,TRUE,0.57554637649433
"Epas1","ENSMUSG00000024140",-0.550274625789786,1.68671308642507e-06,-0.376329952382724,0.00187102644434888,TRUE,TRUE,0.550274625789786
"Epg5","ENSMUSG00000039840",-0.403938591011781,5.7177324763714e-08,-0.472037253540982,1.35635657663575e-10,TRUE,TRUE,0.472037253540982
"Epha4","ENSMUSG00000026235",-0.0517833482031164,0.863189782783904,0.295891774005197,0.203038843507614,FALSE,FALSE,0.295891774005197
"Eprs1","ENSMUSG00000026615",0.128447824658217,0.231691566978654,0.158586923256003,0.119092982579436,FALSE,FALSE,0.158586923256003
"Erbin","ENSMUSG00000021709",0.0925890204920669,0.435130455598507,0.257601640619405,0.00625251350687098,FALSE,TRUE,0.257601640619405
"Ercc1","ENSMUSG00000003549",0.0174809612992137,0.925275221276833,-0.0703341024903088,0.663610551887533,FALSE,FALSE,0.0703341024903088
"Erg","ENSMUSG00000040732",-0.247081385941799,0.150864556729349,-0.308400974406686,0.0641532491632696,FALSE,FALSE,0.308400974406686
"Ern1","ENSMUSG00000020715",0.113852774469542,0.621547107681562,-0.21197346660539,0.282142550155785,FALSE,FALSE,0.21197346660539
"Ero1a","ENSMUSG00000021831",0.0420390262222076,0.815394387005853,0.0229664324627206,0.903722784441914,FALSE,FALSE,0.0420390262222076
"Erp29","ENSMUSG00000029616",0.473957296750964,1.53652939975934e-10,0.397029535825079,1.33613626531338e-07,TRUE,TRUE,0.473957296750964
"Esm1","ENSMUSG00000042379",-0.757425512086161,0.0591807239452978,-0.500115037648647,0.241286629035119,FALSE,FALSE,0.757425512086161
"Esrp2","ENSMUSG00000084128",NA,NA,-0.235990711509783,0.922619777024749,FALSE,FALSE,0.235990711509783
"Esrra","ENSMUSG00000024955",-0.249091658009751,0.0214677252868808,-0.378065868853083,0.000180481728275953,TRUE,TRUE,0.378065868853083
"Etf1","ENSMUSG00000024360",-0.0993200618716273,0.132066624536898,0.0187348812403349,0.83088583862452,FALSE,FALSE,0.0993200618716273
"Etv6","ENSMUSG00000030199",0.0623975212799368,0.769166675214643,-0.0501520784390193,0.809207644957367,FALSE,FALSE,0.0623975212799368
"Eva1c","ENSMUSG00000039903",0.169757620512098,0.850361557430296,0.421388613534901,0.645329162868812,FALSE,FALSE,0.421388613534901
"Exoc1","ENSMUSG00000036435",0.133028478074057,0.196113324551218,-0.0571327529462815,0.635982376194654,FALSE,FALSE,0.133028478074057
"F13a1","ENSMUSG00000039109",1.25801365542497,0.00314609330278616,0.47734409094475,0.35500414759923,TRUE,FALSE,1.25801365542497
"Faap100","ENSMUSG00000025384",-0.648057932722301,2.19520129996393e-07,-0.859765328634008,2.29315473968438e-12,TRUE,TRUE,0.859765328634008
"Fabp4","ENSMUSG00000062515",-0.212504877639688,0.197950777718576,-0.141727020476362,0.429343150951031,FALSE,FALSE,0.212504877639688
"Fads1","ENSMUSG00000010663",0.665991572438063,0.0120904767219775,0.554617119768427,0.0405522034893712,TRUE,TRUE,0.665991572438063
"Fads2","ENSMUSG00000024665",0.465441627959569,0.240532474662371,0.227104189484196,0.610764320691372,FALSE,FALSE,0.465441627959569
"Faf1","ENSMUSG00000010517",-0.419949420546312,3.28449739464644e-11,-0.486579088857121,9.09960377545893e-15,TRUE,TRUE,0.486579088857121
"Fahd1","ENSMUSG00000045316",0.373164465166552,0.000262746746560838,0.378092236383892,0.000194371105416047,TRUE,TRUE,0.378092236383892
"Fam118b","ENSMUSG00000050471",-0.340352617946783,1.97920102418266e-05,-0.343052568662172,1.98750683885758e-05,TRUE,TRUE,0.343052568662172
"Fam124b","ENSMUSG00000043230",-0.618225869541593,0.222515771475243,0.349613565804343,0.451504784874482,FALSE,FALSE,0.618225869541593
"Fam149b","ENSMUSG00000039599",-0.480870284035736,1.51058042496708e-08,-0.500528868362782,3.53109854707377e-09,TRUE,TRUE,0.500528868362782
"Fam167b","ENSMUSG00000050493",-0.069895647744744,0.959649558873072,0.707610449358582,0.522445567264517,FALSE,FALSE,0.707610449358582
"Fam210a","ENSMUSG00000038121",-0.00602972155145329,0.965330386955891,-0.0393350349792444,0.738481509649817,FALSE,FALSE,0.0393350349792444
"Fam222b","ENSMUSG00000037750",-0.0272003978374568,0.859894094219642,-0.115578732753832,0.325899757303335,FALSE,FALSE,0.115578732753832
"Fam3d","ENSMUSG00000021749",NA,NA,NA,NA,FALSE,FALSE,NA
"Fam72a","ENSMUSG00000055184",0.347600710600147,0.589599870849249,0.326342453491561,0.609938380513986,FALSE,FALSE,0.347600710600147
"Fam83g","ENSMUSG00000042377",0.508244701590604,0.0228848305520303,0.489960390069233,0.0342263070089937,TRUE,TRUE,0.508244701590604
"Far2","ENSMUSG00000030303",NA,NA,NA,NA,FALSE,FALSE,NA
"Farp2","ENSMUSG00000034066",0.228451761557979,0.0386168622533049,0.196949325006276,0.0845488204189178,TRUE,FALSE,0.228451761557979
"Faxdc2","ENSMUSG00000086962",NA,NA,NA,NA,FALSE,FALSE,NA
"Fbxo24","ENSMUSG00000089984",1.0486913356865,0.257242802252468,1.15327740759258,0.271677351787075,FALSE,FALSE,1.15327740759258
"Fbxo30","ENSMUSG00000047648",0.177234492272438,0.111756076365177,-0.0820288363869143,0.526721774734842,FALSE,FALSE,0.177234492272438
"Fbxo31","ENSMUSG00000052934",-0.541440956828277,2.22287222301834e-07,-0.398035502232579,0.000247045892405943,TRUE,TRUE,0.541440956828277
"Fcgrt","ENSMUSG00000003420",0.249692866721519,0.0461714508390777,0.358280405494622,0.00236818520379277,TRUE,TRUE,0.358280405494622
"Fdx2","ENSMUSG00000079677",-1.34142656857433,0.292536621846433,2.26165327992995,0.0981728146744009,FALSE,FALSE,2.26165327992995
"Fdxr","ENSMUSG00000018861",0.279100636045732,0.0577559936385251,0.309728805168397,0.0286002982589271,FALSE,TRUE,0.309728805168397
"Fez2","ENSMUSG00000056121",-0.0284845367824643,0.85562551615964,0.00354822739833897,0.983167433504664,FALSE,FALSE,0.0284845367824643
"Fggy","ENSMUSG00000028573",-0.123061184934085,0.582228100908848,0.0988631407595608,0.65737169540173,FALSE,FALSE,0.123061184934085
"Fgl2","ENSMUSG00000039899",0.547397141620585,0.00581366714703295,0.429572723240932,0.0399483624667158,TRUE,TRUE,0.547397141620585
"Fhip1b","ENSMUSG00000044465",-0.126111771381241,0.211996862272002,-0.201790927613717,0.0260131970004208,FALSE,TRUE,0.201790927613717
"Fkbp1a","ENSMUSG00000032966",-0.0799383477947493,0.291622311338517,-0.225563320497223,0.000247717440785173,FALSE,TRUE,0.225563320497223
"Fkbp2","ENSMUSG00000056629",0.757307259859331,1.51593087551644e-06,0.880854788832557,1.07789078339448e-08,TRUE,TRUE,0.880854788832557
"Flcn","ENSMUSG00000032633",-0.239574351354926,0.165794254142058,-0.683075884039972,1.91866158556427e-06,FALSE,TRUE,0.683075884039972
"Flrt2","ENSMUSG00000047414",0.708981627355425,1.60752058706053e-06,0.720135216002921,1.29152512288642e-06,TRUE,TRUE,0.720135216002921
"Fmr1","ENSMUSG00000000838",-0.142303347749258,0.193132346935131,-0.0691147255763894,0.588172826594413,FALSE,FALSE,0.142303347749258
"Fnbp4","ENSMUSG00000008200",-0.197927644833921,0.189192461537732,-0.13344475291866,0.416515092919901,FALSE,FALSE,0.197927644833921
"Fnip1","ENSMUSG00000035992",-0.280482287996918,0.213199882441711,-0.665544834049358,0.00046800058279636,FALSE,TRUE,0.665544834049358
"Fosl2","ENSMUSG00000029135",0.214198301463532,0.697820625895291,0.15222526848251,0.78310527798728,FALSE,FALSE,0.214198301463532
"Foxj3","ENSMUSG00000032998",-0.145377204997492,0.0930390609485921,-0.130552618941346,0.138208663161318,FALSE,FALSE,0.145377204997492
"Frmd3","ENSMUSG00000049122",1.26371906802393,0.0366683344742505,0.72629826377605,0.258787476455459,TRUE,FALSE,1.26371906802393
"Ftl1","ENSMUSG00000050708",0.787414832750816,8.51614714329859e-06,0.553535420194176,0.00285669918439817,TRUE,TRUE,0.787414832750816
"Fubp3","ENSMUSG00000026843",-0.090075987897272,0.431204781021836,0.00330136780087434,0.983003442016379,FALSE,FALSE,0.090075987897272
"G6pc3","ENSMUSG00000034793",0.138465657863806,0.0691173258975036,0.0202706128363689,0.849675051096647,FALSE,FALSE,0.138465657863806
"G6pdx","ENSMUSG00000031400",0.69364041931969,0.000186438163741546,0.274620259901519,0.214869743249494,TRUE,FALSE,0.69364041931969
"Gaa","ENSMUSG00000025579",-0.609140904181961,2.36346588001534e-10,-0.583635003086995,1.42244341727404e-09,TRUE,TRUE,0.609140904181961
"Gabarap","ENSMUSG00000018567",0.18378774675955,6.87101078765254e-05,0.176641373101622,0.00014848963460947,TRUE,TRUE,0.18378774675955
"Gabbr2","ENSMUSG00000039809",1.61666738594528,0.0985493008674372,1.74492678061592,0.056516811960791,FALSE,FALSE,1.74492678061592
"Gadd45g","ENSMUSG00000021453",-0.51474084498565,0.254062577239688,-0.671059225093536,0.112738459204988,FALSE,FALSE,0.671059225093536
"Gadl1","ENSMUSG00000056880",0.0464735864635132,0.943218818384792,-0.49135830503519,0.314291283198739,FALSE,FALSE,0.49135830503519
"Gale","ENSMUSG00000028671",0.552567790533484,0.249716507216558,1.35976051989236,0.000782903869959974,FALSE,TRUE,1.35976051989236
"Galk2","ENSMUSG00000027207",0.762400297745506,9.51973192599308e-05,0.693543653524243,0.000427258614151015,TRUE,TRUE,0.762400297745506
"Galns","ENSMUSG00000015027",0.959031528758923,2.57383642791562e-05,0.948582734794136,4.69492030966659e-05,TRUE,TRUE,0.959031528758923
"Galnt10","ENSMUSG00000020520",-0.10965060003457,0.526093489562761,0.0144990666439388,0.946613174427588,FALSE,FALSE,0.10965060003457
"Galt","ENSMUSG00000036073",-0.343564029817068,0.000207278645826737,-0.33186337320559,0.000341650042922842,TRUE,TRUE,0.343564029817068
"Gapdh","ENSMUSG00000057666",-0.0812225707545543,0.302949461315156,-0.242317038032874,0.00012930067717354,FALSE,TRUE,0.242317038032874
"Gars1","ENSMUSG00000029777",0.118532234057207,0.16544991516658,-0.00823087570992502,0.946752632791875,FALSE,FALSE,0.118532234057207
"Gatad1","ENSMUSG00000007415",-0.236658025687027,7.48516957415897e-05,-0.313032404603237,5.95070119087359e-08,TRUE,TRUE,0.313032404603237
"Gatad2a","ENSMUSG00000036180",-0.120616872753011,0.238078634124211,-0.102518528611863,0.329612453395258,FALSE,FALSE,0.120616872753011
"Gatd1","ENSMUSG00000051007",-0.151535316797527,0.403477328105481,-0.269448151340232,0.0860898423094805,FALSE,FALSE,0.269448151340232
"Gba1","ENSMUSG00000028048",0.164556599063936,0.048153390140622,0.147630074182667,0.0853673649269923,TRUE,FALSE,0.164556599063936
"Gbe1","ENSMUSG00000022707",0.273962400874101,0.0673254285272401,0.467159909001473,0.000581216860305322,FALSE,TRUE,0.467159909001473
"Gclc","ENSMUSG00000032350",-0.136163977116098,0.153412803684021,0.0590584549032417,0.599315161074508,FALSE,FALSE,0.136163977116098
"Gcnt2","ENSMUSG00000021360",-0.550453506423141,0.00424062743235935,-0.398993651259501,0.0534191449603899,TRUE,FALSE,0.550453506423141
"Gdf15","ENSMUSG00000038508",5.84221321044909,1.43844681002149e-12,4.33518779712447,2.77150264131153e-12,TRUE,TRUE,5.84221321044909
"Gem","ENSMUSG00000028214",0.743609311067803,0.0317898199285883,0.870260061999419,0.0119176243287485,TRUE,TRUE,0.870260061999419
"Get4","ENSMUSG00000025858",0.109635994482557,0.322831067829939,0.170839422556109,0.0869201466919756,FALSE,FALSE,0.170839422556109
"Gfi1b","ENSMUSG00000026815",1.82295824753041,0.298199382157615,1.28421129500192,0.425945651933733,FALSE,FALSE,1.82295824753041
"Gga2","ENSMUSG00000030872",0.620005029944488,3.86663745153232e-09,0.676318010965628,9.41859202814256e-11,TRUE,TRUE,0.676318010965628
"Gigyf2","ENSMUSG00000048000",-0.150003240601573,0.145374693461197,-0.0910849968649534,0.427660675965137,FALSE,FALSE,0.150003240601573
"Gin1","ENSMUSG00000026333",-0.00989715627080223,0.968945090500703,-0.0580547342617785,0.795365545975523,FALSE,FALSE,0.0580547342617785
"Gipc1","ENSMUSG00000019433",-0.0118688537914616,0.930729204848273,-0.0818632002354043,0.441797220169562,FALSE,FALSE,0.0818632002354043
"Git2","ENSMUSG00000041890",-0.153282319951912,0.0666700878770478,-0.107743350701754,0.238803195415219,FALSE,FALSE,0.153282319951912
"Gla","ENSMUSG00000031266",-0.162037162387702,0.467964298689836,-0.304029436232147,0.121068702668587,FALSE,FALSE,0.304029436232147
"Glmp","ENSMUSG00000001418",0.0181257158788449,0.900711040559864,-0.195917990159135,0.0384054614831095,FALSE,TRUE,0.195917990159135
"Glrx","ENSMUSG00000021591",-0.0132159289705757,0.944507744058379,0.000798021214950167,0.99624269660759,FALSE,FALSE,0.0132159289705757
"Glt8d2","ENSMUSG00000020251",0.130415135256417,0.790508582424221,-0.326031589262895,0.428617358938823,FALSE,FALSE,0.326031589262895
"Gmfb","ENSMUSG00000062014",0.0391911748481707,0.729595074091647,-0.0366457390958727,0.737974794043551,FALSE,FALSE,0.0391911748481707
"Gmnn","ENSMUSG00000006715",0.428573043182579,0.00642217294228525,0.103345396691582,0.617858436156034,TRUE,FALSE,0.428573043182579
"Gmps","ENSMUSG00000027823",0.174687797150391,0.00832489521604046,0.245487092067515,8.01773610104974e-05,TRUE,TRUE,0.245487092067515
"Gnb2","ENSMUSG00000029713",0.0528562744447728,0.562437143371111,0.000343581316677661,0.997243842995045,FALSE,FALSE,0.0528562744447728
"Gnl1","ENSMUSG00000024429",0.216529052211241,0.0212441271066547,0.169752230561293,0.0861183865382358,TRUE,FALSE,0.216529052211241
"Gnpda1","ENSMUSG00000052102",0.0673594526260006,0.717326004571146,-0.00812060642348045,0.970243555305444,FALSE,FALSE,0.0673594526260006
"Gnptg","ENSMUSG00000035521",-0.116229197145976,0.408589445235248,-0.0837071065807932,0.577749270055064,FALSE,FALSE,0.116229197145976
"Gns","ENSMUSG00000034707",-0.0655496169960122,0.500209457740088,-0.0941966016663343,0.287401578820071,FALSE,FALSE,0.0941966016663343
"Golga1","ENSMUSG00000026754",-0.198907723034379,0.014520368159856,-0.128331237009932,0.147316438273048,TRUE,FALSE,0.198907723034379
"Got1","ENSMUSG00000025190",-0.167414474743994,0.3100483440419,-0.0278512128020824,0.898181212079774,FALSE,FALSE,0.167414474743994
"Gp6","ENSMUSG00000078810",-0.569495357215179,0.750157115516148,-2.52314977638677,0.0273461408923317,FALSE,TRUE,2.52314977638677
"Gpi1","ENSMUSG00000036427",-0.130644616561239,0.14022901879057,-0.183832329623314,0.025432249538465,FALSE,TRUE,0.183832329623314
"Gpm6a","ENSMUSG00000031517",-0.506884499640543,0.3090391302353,-0.186948518818045,0.754679075917188,FALSE,FALSE,0.506884499640543
"Gpr137b","ENSMUSG00000021306",0.205930196609519,0.487282642453339,0.40249003122988,0.127021576780386,FALSE,FALSE,0.40249003122988
"Gpx1","ENSMUSG00000063856",0.500166416775429,0.00172150226909513,0.571775738509477,0.00024808944910056,TRUE,TRUE,0.571775738509477
"Grn","ENSMUSG00000034708",0.941468453440621,1.22785511833613e-18,0.642474448670764,5.49857807188797e-09,TRUE,TRUE,0.941468453440621
"Gsk3b","ENSMUSG00000022812",-0.258463949798549,0.00101678009318854,-0.188555070010584,0.0227516716428823,TRUE,TRUE,0.258463949798549
"Gsr","ENSMUSG00000031584",0.1587998110558,0.080369028509737,0.136318685184189,0.142897130892766,FALSE,FALSE,0.1587998110558
"Gtdc1","ENSMUSG00000036890",-0.355611309631479,8.22234853666513e-05,-0.324727217201078,0.000406490772216129,TRUE,TRUE,0.355611309631479
"Gtf2a1","ENSMUSG00000020962",0.13116571433998,0.302732752078483,0.135100257151913,0.278317003337614,FALSE,FALSE,0.135100257151913
"Gtf2f2","ENSMUSG00000067995",0.23318949519058,0.0869047608794348,0.257387365064465,0.0493973280871827,FALSE,TRUE,0.257387365064465
"Gtf2h1","ENSMUSG00000006599",0.0266373435522129,0.838685311182614,-0.127077284379266,0.189742157373994,FALSE,FALSE,0.127077284379266
"Guf1","ENSMUSG00000029208",-0.0973175160777677,0.234288882197509,0.0071146062398012,0.950788352437098,FALSE,FALSE,0.0973175160777677
"Gzf1","ENSMUSG00000027439",-0.0530602048928522,0.715785145343774,0.152273251142216,0.181384593789267,FALSE,FALSE,0.152273251142216
"H2az1","ENSMUSG00000037894",-0.0391752178808338,0.832726783440291,0.0318973210743579,0.863289753148138,FALSE,FALSE,0.0391752178808338
"Habp2","ENSMUSG00000025075",1.34115432859321,0.0219449978662382,1.0955218155256,0.0556159805003202,TRUE,FALSE,1.34115432859321
"Hagh","ENSMUSG00000024158",-0.0215471459177523,0.836708618620981,0.122595814892363,0.0997635424086705,FALSE,FALSE,0.122595814892363
"Hapstr1","ENSMUSG00000022507",-0.116132919131302,0.469904787043953,-0.351580472864586,0.00505851003891886,FALSE,TRUE,0.351580472864586
"Hbp1","ENSMUSG00000002996",-0.034254783053209,0.82010173834889,-0.107426104431628,0.371061206902641,FALSE,FALSE,0.107426104431628
"Hcfc1r1","ENSMUSG00000023904",0.66325270034522,2.01233953048876e-12,0.811281971339565,2.70094277046626e-18,TRUE,TRUE,0.811281971339565
"Hcfc2","ENSMUSG00000020246",-0.134888990116171,0.0751047413703036,-0.157255030349724,0.0301174794518958,FALSE,TRUE,0.157255030349724
"Hdac5","ENSMUSG00000008855",-0.194968834122958,0.0228302570088207,-0.0129525961556708,0.922318101638892,TRUE,FALSE,0.194968834122958
"Hdac9","ENSMUSG00000004698",0.322968760678404,0.157719732453181,0.512528200667375,0.0123688759545078,FALSE,TRUE,0.512528200667375
"Hecw2","ENSMUSG00000042807",-0.427208629099668,0.447034942817976,-0.560700979903591,0.285828077092079,FALSE,FALSE,0.560700979903591
"Helq","ENSMUSG00000035266",-0.0515761282243824,0.807299247929672,-0.0252964677957095,0.909598410280358,FALSE,FALSE,0.0515761282243824
"Herc6","ENSMUSG00000029798",0.438784855902454,0.0640080035587744,0.4994822504098,0.0376433252559705,FALSE,TRUE,0.4994822504098
"Herpud1","ENSMUSG00000031770",-0.0656313447242516,0.647885032104183,-0.184650728157996,0.0997088007221211,FALSE,FALSE,0.184650728157996
"Hexa","ENSMUSG00000025232",0.345165261395843,7.01246081413766e-05,0.377278704449109,1.25486136666569e-05,TRUE,TRUE,0.377278704449109
"Hexb","ENSMUSG00000021665",0.332807457090394,0.00806309393286863,-0.147692539838044,0.315167800021076,TRUE,FALSE,0.332807457090394
"Hhex","ENSMUSG00000024986",0.164459619329293,0.793237926171266,0.0812353011790184,0.899008590475407,FALSE,FALSE,0.164459619329293
"Hibch","ENSMUSG00000041426",-0.0646898338056883,0.537287914378005,-0.0769836627491513,0.433431156013236,FALSE,FALSE,0.0769836627491513
"Hif1a","ENSMUSG00000021109",0.0754738935971768,0.563218702240262,0.0172875121626544,0.911830119178467,FALSE,FALSE,0.0754738935971768
"Hivep1","ENSMUSG00000021366",0.219939996613475,0.0925188133542347,0.19268649215398,0.150348898539185,FALSE,FALSE,0.219939996613475
"Hivep3","ENSMUSG00000028634",0.351581552411163,0.0705842775237221,1.20271293485354,3.87160016235259e-12,FALSE,TRUE,1.20271293485354
"Hk2","ENSMUSG00000000628",-0.475332441989691,0.0527376259910061,-0.352337636310906,0.175999156315328,FALSE,FALSE,0.475332441989691
"Hmbs","ENSMUSG00000032126",-0.146807486532103,0.158491867106478,-0.21907952778982,0.0201620773298139,FALSE,TRUE,0.21907952778982
"Hmg20a","ENSMUSG00000032329",-0.344325199533724,4.3427001447994e-05,-0.471245325307878,6.85429514852117e-09,TRUE,TRUE,0.471245325307878
"Hmga1","ENSMUSG00000046711",0.29207560966887,0.0136007145263421,0.381064459700626,0.000782903869959974,TRUE,TRUE,0.381064459700626
"Hmga2","ENSMUSG00000056758",4.08870023360781,0.00295564351042528,4.60180567018944,0.000933113350041514,TRUE,TRUE,4.60180567018944
"Hmgcr","ENSMUSG00000021670",0.320202291943125,0.0738154136593734,0.361539672054417,0.0376124853269236,FALSE,TRUE,0.361539672054417
"Hmgcs1","ENSMUSG00000093930",-0.0802097869337938,0.483235310085121,0.0306331918240793,0.811345142829429,FALSE,FALSE,0.0802097869337938
"Hmgxb3","ENSMUSG00000024622",-0.410421487259365,6.63086484163962e-09,-0.419170096954217,4.08088016854804e-09,TRUE,TRUE,0.419170096954217
"Hmox1","ENSMUSG00000005413",1.14205490285607,8.22269831316409e-09,0.740423495945404,0.000449361076934207,TRUE,TRUE,1.14205490285607
"Hnrnpd","ENSMUSG00000000568",-0.420489918421235,7.64124109104855e-11,-0.345621483657403,1.63748021417761e-07,TRUE,TRUE,0.420489918421235
"Hnrnpf","ENSMUSG00000042079",0.194852187567443,0.00968515808290024,0.0659660227016513,0.488661695133491,TRUE,FALSE,0.194852187567443
"Hnrnph2","ENSMUSG00000045427",-0.0417440886666656,0.69912247307478,-0.0587479282719018,0.55086026175571,FALSE,FALSE,0.0587479282719018
"Hnrnpl","ENSMUSG00000015165",-0.0538132610538703,0.710519274545221,-0.101102332505436,0.416515092919901,FALSE,FALSE,0.101102332505436
"Hoxa11","ENSMUSG00000038210",0.12814909380121,0.515010934236674,-0.0410122588158723,0.857132451946367,FALSE,FALSE,0.12814909380121
"Hoxa5","ENSMUSG00000038253",-0.110894203850802,0.665875665692224,-0.269090971253512,0.20792047321509,FALSE,FALSE,0.269090971253512
"Hoxa7","ENSMUSG00000038236",-0.183187170608543,0.221765399989985,-0.322901165935635,0.0158879717198402,FALSE,TRUE,0.322901165935635
"Hoxa9","ENSMUSG00000038227",-0.286237998309169,0.0268410139729327,-0.0513145735864323,0.770961717652094,TRUE,FALSE,0.286237998309169
"Hoxd10","ENSMUSG00000050368",1.05064242449116,0.496288883928637,0.567558500839964,0.761751223491704,FALSE,FALSE,1.05064242449116
"Hpn","ENSMUSG00000001249",0.638991584672091,0.00147010800936511,0.46639187653108,0.0289900567518123,TRUE,TRUE,0.638991584672091
"Hprt1","ENSMUSG00000025630",0.228599989500085,0.00740798249469339,0.298996125029449,0.00026154460502078,TRUE,TRUE,0.298996125029449
"Hps1","ENSMUSG00000025188",0.238707385060407,0.545653759384632,0.3226581477856,0.372995760090719,FALSE,FALSE,0.3226581477856
"Hps3","ENSMUSG00000027615",0.340057588965931,0.00211096658718039,0.114520465275335,0.407722230612092,TRUE,FALSE,0.340057588965931
"Hps4","ENSMUSG00000042328",-0.0644617919926149,0.725666807318744,0.0955692108592167,0.576666899416772,FALSE,FALSE,0.0955692108592167
"Hps5","ENSMUSG00000014418",-0.292025864726256,0.00425249013789265,-0.40156953753558,3.71272660065894e-05,TRUE,TRUE,0.40156953753558
"Hs1bp3","ENSMUSG00000020605",0.0944629446739487,0.689524292337101,0.0737180397753359,0.753981407225092,FALSE,FALSE,0.0944629446739487
"Hsd17b14","ENSMUSG00000030825",0.804068021379226,0.0895324447037375,0.54489358514452,0.278579879712388,FALSE,FALSE,0.804068021379226
"Hsdl1","ENSMUSG00000034189",-0.198391288476483,0.0176259261192367,-0.230464952620657,0.00478909018451534,TRUE,TRUE,0.230464952620657
"Hsp90aa1","ENSMUSG00000021270",0.482645878793549,0.225479428537779,0.790434971618645,0.0268371094340538,FALSE,TRUE,0.790434971618645
"Hsp90b1","ENSMUSG00000020048",0.876795062491846,7.38455019891355e-31,0.833859020134164,5.30773065504579e-28,TRUE,TRUE,0.876795062491846
"Hspa4","ENSMUSG00000020361",-0.0896222771499011,0.270478918429641,-0.0122648061485937,0.911342824610721,FALSE,FALSE,0.0896222771499011
"Hspa5","ENSMUSG00000026864",1.52777927703039,4.93165771999652e-51,1.3602561344114,2.02426979383612e-40,TRUE,TRUE,1.52777927703039
"Hspa9","ENSMUSG00000024359",-0.0413361481755239,0.629087719031659,0.0187481584491589,0.838099280397779,FALSE,FALSE,0.0413361481755239
"Hspbap1","ENSMUSG00000022849",-0.0320863085344367,0.890295458629014,0.0891692305151714,0.644132316358322,FALSE,FALSE,0.0891692305151714
"Hspd1","ENSMUSG00000025980",-0.181050188634779,0.039627312079197,-0.132751971401752,0.156084123109538,TRUE,FALSE,0.181050188634779
"Hspe1","ENSMUSG00000073676",-0.00519365443237992,0.976659826070227,-0.00351582574354336,0.984136415992545,FALSE,FALSE,0.00519365443237992
"Htatip2","ENSMUSG00000039745",0.626788373829553,0.000241896850735365,0.772036482727642,4.25007989922028e-06,TRUE,TRUE,0.772036482727642
"Icam1","ENSMUSG00000037405",0.92684657865318,6.07412170076404e-05,1.06223766001704,6.54946046184629e-06,TRUE,TRUE,1.06223766001704
"Icam2","ENSMUSG00000001029",-0.0831884564074363,0.808613307474154,0.0312528700266263,0.930450637006464,FALSE,FALSE,0.0831884564074363
"Id2","ENSMUSG00000020644",0.978589401091449,3.65883451311725e-07,1.22822117627992,3.07600223687405e-11,TRUE,TRUE,1.22822117627992
"Idh1","ENSMUSG00000025950",0.127033949244793,0.332576623142808,0.0772029848663573,0.590562611485981,FALSE,FALSE,0.127033949244793
"Idi1","ENSMUSG00000058258",0.209712691823275,0.605338027872852,0.0739470444390144,0.870902165274374,FALSE,FALSE,0.209712691823275
"Ifi204","ENSMUSG00000073489",1.58410166659574,1.08123546617427e-14,1.07766541346172,4.65369128802764e-07,TRUE,TRUE,1.58410166659574
"Ifi27","ENSMUSG00000064215",0.641380251305534,4.58437900859035e-11,0.492961946285044,7.66733733330635e-07,TRUE,TRUE,0.641380251305534
"Ifi30","ENSMUSG00000031838",0.576321792142564,0.00225602986834176,0.406502577949406,0.0476243747421988,TRUE,TRUE,0.576321792142564
"Ifit3","ENSMUSG00000074896",1.59338378546226,5.42045321895156e-10,1.54277415272048,1.24780910180919e-09,TRUE,TRUE,1.59338378546226
"Ifrd1","ENSMUSG00000001627",-0.00752688087234542,0.990361182272028,0.32549559796008,0.502520218792418,FALSE,FALSE,0.32549559796008
"Igf1r","ENSMUSG00000005533",0.065913213491969,0.720222640031373,0.107783917262855,0.514050754848388,FALSE,FALSE,0.107783917262855
"Igf2bp3","ENSMUSG00000029814",-0.62447415875351,0.34247673783044,-1.01782351113437,0.0896781547062541,FALSE,FALSE,1.01782351113437
"Igf2r","ENSMUSG00000023830",0.132896412368308,0.105616049460973,0.10574593839211,0.218888328262524,FALSE,FALSE,0.132896412368308
"Igfbp5","ENSMUSG00000026185",-0.248859434062,0.50433215224887,-0.227934936205887,0.539136573514853,FALSE,FALSE,0.248859434062
"Il34","ENSMUSG00000031750",0.0381701564101792,0.91529467082546,-0.0224715591807591,0.953563963221714,FALSE,FALSE,0.0381701564101792
"Il4i1","ENSMUSG00000074141",0.554969509335872,0.160777898355168,0.307445302645168,0.484596169791486,FALSE,FALSE,0.554969509335872
"Ilf3","ENSMUSG00000032178",-0.119731442401039,0.180189519446964,-0.0818566767515923,0.399995781972502,FALSE,FALSE,0.119731442401039
"Ilvbl","ENSMUSG00000032763",-0.0884116737735521,0.495185161131895,-0.13857504477114,0.225815648862145,FALSE,FALSE,0.13857504477114
"Immt","ENSMUSG00000052337",-0.0603144598318848,0.360432338372824,-0.0621386193589524,0.333939877933464,FALSE,FALSE,0.0621386193589524
"Inka2","ENSMUSG00000048458",-0.161078407592647,0.586551220336159,0.00353885932074914,0.992191706775457,FALSE,FALSE,0.161078407592647
"Inpp4b","ENSMUSG00000037940",0.336733780921423,0.0502196026938975,0.660641286676212,1.70447611284329e-05,FALSE,TRUE,0.660641286676212
"Insig1","ENSMUSG00000045294",0.505838667396182,0.0032289903312768,0.382606030363457,0.0307297523616147,TRUE,TRUE,0.505838667396182
"Ip6k1","ENSMUSG00000032594",-0.0845228605341079,0.426809010311825,-0.116523935215432,0.232177647027906,FALSE,FALSE,0.116523935215432
"Irf2bp2","ENSMUSG00000051495",0.27422015191035,0.190847476432592,-0.0315712665229379,0.913975282323473,FALSE,FALSE,0.27422015191035
"Irf9","ENSMUSG00000002325",0.549416983774974,7.12093942811986e-05,0.542348022684038,0.000100475934300625,TRUE,TRUE,0.549416983774974
"Irs2","ENSMUSG00000038894",-0.169512190584425,0.780053334970979,-0.913532036059883,0.0303013403147631,FALSE,TRUE,0.913532036059883
"Isg20","ENSMUSG00000039236",-1.04723849535661,0.235500729867635,0.965401873210397,0.275384826103423,FALSE,FALSE,1.04723849535661
"Islr2","ENSMUSG00000051243",0.923969954551547,0.00330329615580572,0.458175593281411,0.19614420173596,TRUE,FALSE,0.923969954551547
"Itga5","ENSMUSG00000000555",0.651881279803532,0.000684768877225744,1.08599177256531,3.04273692632126e-09,TRUE,TRUE,1.08599177256531
"Itga7","ENSMUSG00000025348",0.322546240276496,0.0355085831962157,0.68822569913236,4.69753088250784e-07,TRUE,TRUE,0.68822569913236
"Itgax","ENSMUSG00000030789",3.48999158299018,3.37184978030748e-27,2.36264351006841,6.4871787699638e-17,TRUE,TRUE,3.48999158299018
"Itgb2","ENSMUSG00000000290",2.50751018959754,5.90169475181089e-28,0.943037019910263,3.27216412067751e-05,TRUE,TRUE,2.50751018959754
"Itpr1","ENSMUSG00000030102",-0.259960375184615,0.215403930348188,-0.327464599931749,0.0994020521692203,FALSE,FALSE,0.327464599931749
"Itpr2","ENSMUSG00000030287",-0.106900189764896,0.56483867340017,0.0220248292084057,0.921869665061821,FALSE,FALSE,0.106900189764896
"Jak1","ENSMUSG00000028530",-0.148001150383131,0.117963869677824,-0.0744744123460188,0.496584892512746,FALSE,FALSE,0.148001150383131
"Jam3","ENSMUSG00000031990",-0.0266796515790409,0.911431647007648,0.205608819087949,0.251342327929131,FALSE,FALSE,0.205608819087949
"Jmjd1c","ENSMUSG00000037876",-0.338739758117072,0.00153059923415412,-0.359199396600192,0.000711422032711514,TRUE,TRUE,0.359199396600192
"Josd1","ENSMUSG00000022426",-0.051822938687425,0.741845524946335,-0.221957473140045,0.0520317858285438,FALSE,FALSE,0.221957473140045
"Kansl1l","ENSMUSG00000026004",0.0981246481357718,0.461012644957939,-0.0108409495397586,0.948865258954719,FALSE,FALSE,0.0981246481357718
"Kat14","ENSMUSG00000027425",-0.3452691591407,0.000207700476652265,-0.255005817139267,0.00896983314332818,TRUE,TRUE,0.3452691591407
"Kat5","ENSMUSG00000024926",-0.10161424286979,0.370015117847141,-0.0732443232642452,0.537660501516886,FALSE,FALSE,0.10161424286979
"Kat6a","ENSMUSG00000031540",-0.390637177816006,0.000175857125116369,-0.324451856678336,0.00246875158279495,TRUE,TRUE,0.390637177816006
"Kbtbd2","ENSMUSG00000059486",-0.133923141228656,0.189670039094568,-0.208777323466167,0.0240457279004767,FALSE,TRUE,0.208777323466167
"Kcp","ENSMUSG00000059022",0.297114154333979,0.281761504911451,-0.100784333776306,0.757571454484035,FALSE,FALSE,0.297114154333979
"Kctd5","ENSMUSG00000016946",-0.0531655666303788,0.694647860168483,-0.0860009401636237,0.479463709086564,FALSE,FALSE,0.0860009401636237
"Kdm4c","ENSMUSG00000028397",-0.314592888834949,0.000175857125116369,-0.127806917250676,0.202800686710282,TRUE,FALSE,0.314592888834949
"Khdrbs1","ENSMUSG00000028790",-0.0295050288758325,0.744007273990266,-0.0042003176884887,0.967925254100937,FALSE,FALSE,0.0295050288758325
"Khsrp","ENSMUSG00000007670",-0.0661491933401712,0.495741024208412,0.12583449101759,0.13044948649209,FALSE,FALSE,0.12583449101759
"Kif17","ENSMUSG00000028758",3.05397187227405,0.0113100644293428,1.85671635901852,0.058147183237189,TRUE,FALSE,3.05397187227405
"Kif23","ENSMUSG00000032254",1.47003563881095,0.000665771569236945,0.338793904044807,0.559103286555472,TRUE,FALSE,1.47003563881095
"Kifc1","ENSMUSG00000079553",1.80177490337626,7.45895944409113e-05,1.09382952475864,0.0151330933577702,TRUE,TRUE,1.80177490337626
"Kifc3","ENSMUSG00000031788",-0.0347778528844902,0.871386086428011,-0.0768185320055463,0.684490390409953,FALSE,FALSE,0.0768185320055463
"Klf3","ENSMUSG00000029178",0.0247653520674498,0.91789673507514,-0.0842496342490318,0.685435436753844,FALSE,FALSE,0.0842496342490318
"Klf4","ENSMUSG00000003032",0.3992278886753,0.4161641441329,0.151486478137134,0.787674004559214,FALSE,FALSE,0.3992278886753
"Klf6","ENSMUSG00000000078",0.208346440836736,0.474228519854815,0.12655026257487,0.68395720609067,FALSE,FALSE,0.208346440836736
"Klhl12","ENSMUSG00000026455",-0.0667986466140321,0.360481687509827,-0.0677995737898992,0.341261839825102,FALSE,FALSE,0.0677995737898992
"Klhl22","ENSMUSG00000022750",-0.255055532009163,0.00205639860938344,-0.220432518240984,0.0098124516458901,TRUE,TRUE,0.255055532009163
"Klhl3","ENSMUSG00000014164",-0.112786467127504,0.706020182824328,-0.115945693301434,0.678906470268183,FALSE,FALSE,0.115945693301434
"Klhl5","ENSMUSG00000054920",0.184781571745256,0.18201689018867,0.308961480556834,0.0156912071697207,FALSE,TRUE,0.308961480556834
"Klhl6","ENSMUSG00000043008",0.570426373517486,0.0437649279045744,0.0227046235722126,0.957286424332685,TRUE,FALSE,0.570426373517486
"Klk9","ENSMUSG00000047884",NA,NA,NA,NA,FALSE,FALSE,NA
"Krt36","ENSMUSG00000020916",NA,NA,NA,NA,FALSE,FALSE,NA
"Lactb2","ENSMUSG00000025937",-0.196241721898057,0.0236996366354731,-0.188344143335335,0.0298825801212317,TRUE,TRUE,0.196241721898057
"Lamc1","ENSMUSG00000026478",0.295337917979924,0.0139267472050168,0.185420192840055,0.159147075408395,TRUE,FALSE,0.295337917979924
"Lamp1","ENSMUSG00000031447",-0.368043964474613,1.0541786076195e-18,-0.378237718470959,1.08312048488175e-19,TRUE,TRUE,0.378237718470959
"Lamtor1","ENSMUSG00000030842",0.124442407927315,0.0687696664617881,0.0519039781667171,0.527887762599483,FALSE,FALSE,0.124442407927315
"Lamtor3","ENSMUSG00000091512",0.0100266154588906,0.938394600150749,-0.0266960362685611,0.822094314613843,FALSE,FALSE,0.0266960362685611
"Lamtor4","ENSMUSG00000050552",0.176080835353735,0.227196117026958,-0.00715781463317544,0.97278079702834,FALSE,FALSE,0.176080835353735
"Larp1","ENSMUSG00000037331",-0.223608950792834,0.0101053404998457,-0.202879571604328,0.0218719296897579,TRUE,TRUE,0.223608950792834
"Lats2","ENSMUSG00000021959",-0.401307977517297,0.000700678906630547,-0.31114835093866,0.0135911257131273,TRUE,TRUE,0.401307977517297
"Lbx2","ENSMUSG00000034968",0.301158558830645,0.80647031336416,0.284883133521811,0.799138860076213,FALSE,FALSE,0.301158558830645
"Lcorl","ENSMUSG00000015882",0.23666514120395,0.0733779225870803,0.180488239180685,0.197624108067393,FALSE,FALSE,0.23666514120395
"Ldha","ENSMUSG00000063229",-0.141894681196131,0.228322709714574,-0.271476790893871,0.00817728428886602,FALSE,TRUE,0.271476790893871
"Ldlr","ENSMUSG00000032193",0.0957310965505959,0.788388068498139,-0.112483568868793,0.732971630655889,FALSE,FALSE,0.112483568868793
"Ldlrad4","ENSMUSG00000024544",-0.528699511191149,0.00212260041788871,-0.369726544607398,0.0453933413042752,TRUE,TRUE,0.528699511191149
"Lemd2","ENSMUSG00000044857",0.0381572469943457,0.760666581353885,0.0719527802902219,0.510465473985571,FALSE,FALSE,0.0719527802902219
"Lgmn","ENSMUSG00000021190",0.911197617064394,1.74282199229226e-14,0.841383754682447,2.21306005184745e-12,TRUE,TRUE,0.911197617064394
"Lig1","ENSMUSG00000056394",0.519786431922153,0.0526621574796954,0.330964165066393,0.280645280771365,FALSE,FALSE,0.519786431922153
"Limk1","ENSMUSG00000029674",0.46642403840163,0.00876605825399726,0.412624409979486,0.0300126830979553,TRUE,TRUE,0.46642403840163
"Lims1","ENSMUSG00000019920",0.386034434571039,0.00121953178345303,0.569336792254688,4.90790567452828e-07,TRUE,TRUE,0.569336792254688
"Lipt1","ENSMUSG00000037216",0.0374993397638328,0.867917623297758,0.371559533264542,0.0113833785936426,FALSE,TRUE,0.371559533264542
"Lmna","ENSMUSG00000028063",1.02365725176035,1.30714815537239e-27,1.11166564998824,1.79346912791729e-32,TRUE,TRUE,1.11166564998824
"Lmnb1","ENSMUSG00000024590",-0.181114776007906,0.424624426450673,-0.100118339821202,0.683442989090264,FALSE,FALSE,0.181114776007906
"Lnpk","ENSMUSG00000009207",-0.345938708897902,0.000101095047613878,-0.437357236525185,3.90673943646685e-07,TRUE,TRUE,0.437357236525185
"Lonp1","ENSMUSG00000041168",-0.0941502098648356,0.185335190037131,-0.0711484626887418,0.342880368484046,FALSE,FALSE,0.0941502098648356
"Lonrf3","ENSMUSG00000016239",-0.115756971096671,0.815073994031379,0.900587128383266,0.00974376555903576,FALSE,TRUE,0.900587128383266
"Lpin2","ENSMUSG00000024052",0.663101283303279,0.000193585183563753,0.402436107104327,0.0428161213398468,TRUE,TRUE,0.663101283303279
"Lrba","ENSMUSG00000028080",-0.190703251977603,0.035089572323776,-0.2172183877904,0.0137260673573781,TRUE,TRUE,0.2172183877904
"Lrig3","ENSMUSG00000020105",-0.407113504982146,0.021351619625226,-0.454396175949783,0.00957881968876118,TRUE,TRUE,0.454396175949783
"Lrp1","ENSMUSG00000040249",0.519078447153579,0.00426631687302006,0.277897101916099,0.175853646698846,TRUE,FALSE,0.519078447153579
"Lrrc41","ENSMUSG00000028703",0.00525014438237764,0.968795543276958,0.119656576136065,0.19720884392618,FALSE,FALSE,0.119656576136065
"Lrrc8a","ENSMUSG00000007476",0.202787333790876,0.516268000588329,0.00832845877517544,0.983438793252935,FALSE,FALSE,0.202787333790876
"Lsm14b","ENSMUSG00000039108",-0.238972630977365,6.08851071393598e-05,-0.313388308500167,6.9011697301294e-08,TRUE,TRUE,0.313388308500167
"Lsm5","ENSMUSG00000091625",0.31999532349169,0.123155109978841,0.00867105736311429,0.977764978158001,FALSE,FALSE,0.31999532349169
"Lta4h","ENSMUSG00000015889",-0.0689123528766551,0.460183023848358,0.0372798433486401,0.714000199366212,FALSE,FALSE,0.0689123528766551
"Ltbp1","ENSMUSG00000001870",0.21359904626109,0.27890607156429,0.0297447637434892,0.911342824610721,FALSE,FALSE,0.21359904626109
"Ltbr","ENSMUSG00000030339",0.188059266442615,0.0629951802817052,0.00159516697959663,0.992112172231777,FALSE,FALSE,0.188059266442615
"Ly6k","ENSMUSG00000044678",NA,NA,NA,NA,FALSE,FALSE,NA
"Ly96","ENSMUSG00000025779",0.11668009055629,0.853087074762717,0.56755414520262,0.2057963204168,FALSE,FALSE,0.56755414520262
"Lypd1","ENSMUSG00000026344",0.976422142713817,0.666295107827152,-0.485627454876789,0.826706698972365,FALSE,FALSE,0.976422142713817
"Lyplal1","ENSMUSG00000039246",0.510058009453968,0.106368701993134,0.929750899265852,0.00242437138918856,FALSE,TRUE,0.929750899265852
"Lyset","ENSMUSG00000046675",0.157395575221512,0.500667605210543,-0.0220480080490234,0.939134170783876,FALSE,FALSE,0.157395575221512
"Lztfl1","ENSMUSG00000025245",-0.0323046455928361,0.850956794201004,-0.0724287810653258,0.627565428942773,FALSE,FALSE,0.0724287810653258
"M6pr","ENSMUSG00000007458",0.185208229414138,0.00131199572808906,0.141339509328373,0.0200188432440892,TRUE,TRUE,0.185208229414138
"Maea","ENSMUSG00000079562",0.212884535588918,0.000767497049524387,0.149281079087224,0.0257579754739883,TRUE,TRUE,0.212884535588918
"Mafb","ENSMUSG00000074622",-0.147889286007406,0.833973066099699,-0.700741923099741,0.181269912130894,FALSE,FALSE,0.700741923099741
"Mafg","ENSMUSG00000051510",-0.160746468150704,0.197097517625822,-0.126092798058666,0.333981575998089,FALSE,FALSE,0.160746468150704
"Mafk","ENSMUSG00000018143",0.353574243472482,0.121834726776371,0.418486224525969,0.0574251184369203,FALSE,FALSE,0.418486224525969
"Malat1","ENSMUSG00000092341",-0.259358700514223,0.466318381273915,-0.0965961141340164,0.811345142829429,FALSE,FALSE,0.259358700514223
"Map1lc3b","ENSMUSG00000031812",-0.198951130409594,0.0128908849643478,-0.245290905414978,0.00152558358947858,TRUE,TRUE,0.245290905414978
"Map2k3","ENSMUSG00000018932",0.131734746038144,0.135406805838915,0.403631803434799,3.83555589299118e-08,FALSE,TRUE,0.403631803434799
"Map4","ENSMUSG00000032479",0.0733203230326827,0.500580088911349,0.177001023960265,0.0444522808635008,FALSE,TRUE,0.177001023960265
"Map4k1","ENSMUSG00000037337",0.757078672878184,0.00567901674433791,0.405970268520562,0.167328731589567,TRUE,FALSE,0.757078672878184
"Mapk1","ENSMUSG00000063358",-0.271799362417406,3.05113941771413e-13,-0.246240217452799,5.78015723177077e-11,TRUE,TRUE,0.271799362417406
"Mapk12","ENSMUSG00000022610",-0.327939589098952,1.30612906708688e-05,-0.248478318855288,0.00147598680185625,TRUE,TRUE,0.327939589098952
"Mapk13","ENSMUSG00000004864",0.439883257494339,0.83226702315473,1.57499800682702,0.450062351911079,FALSE,FALSE,1.57499800682702
"Mapk3","ENSMUSG00000063065",0.0101282423693884,0.935293347334883,0.0178254032285128,0.885761481172278,FALSE,FALSE,0.0178254032285128
"Mapk6","ENSMUSG00000042688",0.144668245428425,0.295274565311215,-0.0574601091793861,0.721304809488158,FALSE,FALSE,0.144668245428425
"Mapkap1","ENSMUSG00000038696",-0.219418199979071,0.00832489521604046,-0.0777947109227035,0.450432594768009,TRUE,FALSE,0.219418199979071
"Mapkapk3","ENSMUSG00000032577",-0.153482480366699,0.0843896756672088,-0.320123570310751,4.44418323214265e-05,FALSE,TRUE,0.320123570310751
"Mapre2","ENSMUSG00000024277",0.0426789827378723,0.849517216638208,0.194009262666802,0.252735424328575,FALSE,FALSE,0.194009262666802
"Marf1","ENSMUSG00000060657",-0.155793301213421,0.0401780488445326,-0.111130303469288,0.174495625346445,TRUE,FALSE,0.155793301213421
"Mark1","ENSMUSG00000026620",0.308386921309248,0.186953255393394,0.521385802946149,0.0142762349770072,FALSE,TRUE,0.521385802946149
"Mast1","ENSMUSG00000053693",0.241016691341135,0.847609247876706,1.38477198130718,0.14699894036249,FALSE,FALSE,1.38477198130718
"Max","ENSMUSG00000059436",-0.156225266022852,0.393023554679646,-0.0884160015831308,0.660915581415392,FALSE,FALSE,0.156225266022852
"Mbd6","ENSMUSG00000025409",-0.154428899773264,0.0693503981702035,-0.0824746352739843,0.401947339231092,FALSE,FALSE,0.154428899773264
"Mcm2","ENSMUSG00000002870",-0.0692893599726607,0.664597759317089,-0.252138547219496,0.0331482601341517,FALSE,TRUE,0.252138547219496
"Mcm4","ENSMUSG00000022673",0.174342927485483,0.326315126153641,0.0288226903746853,0.902618054501024,FALSE,FALSE,0.174342927485483
"Mcoln1","ENSMUSG00000004567",-0.339765603624406,2.02696096653881e-06,-0.379046456701604,1.32371159662105e-07,TRUE,TRUE,0.379046456701604
"Mcrip1","ENSMUSG00000061111",0.240975095178818,0.033681194745923,0.271573731075835,0.0144721784282655,TRUE,TRUE,0.271573731075835
"Mctp1","ENSMUSG00000021596",0.628093757790435,0.0892955160504215,0.0117563083439398,0.983167433504664,FALSE,FALSE,0.628093757790435
"Mdm2","ENSMUSG00000020184",0.0862559309205143,0.436276714234583,0.183504517028978,0.0467850132063818,FALSE,TRUE,0.183504517028978
"Mdm4","ENSMUSG00000054387",-0.384949501302109,1.4245384461241e-05,-0.439493783986322,5.18285641287614e-07,TRUE,TRUE,0.439493783986322
"Me1","ENSMUSG00000032418",-0.741444620276704,7.92173535923016e-13,-0.673080654440684,1.02415138263848e-10,TRUE,TRUE,0.741444620276704
"Mecp2","ENSMUSG00000031393",-0.338284972686718,6.14955299712109e-10,-0.297868433661592,8.66464362601268e-08,TRUE,TRUE,0.338284972686718
"Med15","ENSMUSG00000012114",-0.150746306959967,0.163604600989143,0.0263931212269744,0.85706363798196,FALSE,FALSE,0.150746306959967
"Med24","ENSMUSG00000017210",-0.319215855714904,8.90152260178221e-10,-0.358009358809354,3.73701450809669e-12,TRUE,TRUE,0.358009358809354
"Med28","ENSMUSG00000015804",0.0471509120804261,0.727523586254066,0.0198444210812347,0.892060134370301,FALSE,FALSE,0.0471509120804261
"Mef2c","ENSMUSG00000005583",-0.0872212675915688,0.239331623453845,-0.136198634547656,0.0414896769596707,FALSE,TRUE,0.136198634547656
"Mepce","ENSMUSG00000029726",0.103273412808073,0.30196470038516,-0.107610703490846,0.274583051921938,FALSE,FALSE,0.107610703490846
"Mettl13","ENSMUSG00000026694",-0.129745283077061,0.211470044608363,-0.262405885602382,0.00348768608335961,FALSE,TRUE,0.262405885602382
"Mettl6","ENSMUSG00000021891",0.110818895861643,0.450681141409481,0.290258340859636,0.0136313732834021,FALSE,TRUE,0.290258340859636
"Mff","ENSMUSG00000026150",-0.20510935307894,4.35061918990321e-05,-0.230378249333916,3.08252947100673e-06,TRUE,TRUE,0.230378249333916
"Mfng","ENSMUSG00000018169",-0.108732770176699,0.727104989369669,-0.26795430768053,0.306670989922859,FALSE,FALSE,0.26795430768053
"Mfsd1","ENSMUSG00000027775",0.050810638062531,0.652825720809528,-0.0525014271784525,0.630842846965564,FALSE,FALSE,0.0525014271784525
"Mfsd11","ENSMUSG00000020818",-0.052034897865065,0.677592589820175,-0.0747730595820874,0.510126493775562,FALSE,FALSE,0.0747730595820874
"Mfsd14a","ENSMUSG00000089911",0.0878843970944559,0.622470558468518,0.0231951628758327,0.911342824610721,FALSE,FALSE,0.0878843970944559
"Mgat2","ENSMUSG00000043998",0.902567996232297,2.14842636664713e-22,0.906621807928428,1.18341033885018e-22,TRUE,TRUE,0.906621807928428
"Mgll","ENSMUSG00000033174",-0.1967410564637,0.328049545482832,-0.285866131864617,0.119040089560534,FALSE,FALSE,0.285866131864617
"Mgst2","ENSMUSG00000074604",0.865762455316205,0.207854093294263,-0.288542035214407,0.73652253085344,FALSE,FALSE,0.865762455316205
"Mgst3","ENSMUSG00000026688",-0.0679996917687982,0.6196927518802,-0.29884786833326,0.00237948361176904,FALSE,TRUE,0.29884786833326
"Micall1","ENSMUSG00000033039",0.0864771308422113,0.77393377634285,0.541337498824849,0.00783964218164098,FALSE,TRUE,0.541337498824849
"Micu1","ENSMUSG00000020111",0.351542973603448,2.77668902897958e-10,0.284575381067547,5.45542152332904e-07,TRUE,TRUE,0.351542973603448
"Midn","ENSMUSG00000035621",0.662865320578202,0.00145972367955776,0.827953043988606,4.10282308761396e-05,TRUE,TRUE,0.827953043988606
"Mien1","ENSMUSG00000002580",0.42879004399771,2.89842215902036e-07,0.422531510724588,3.61338888560507e-07,TRUE,TRUE,0.42879004399771
"Mipep","ENSMUSG00000021993",-0.27053325063486,3.32271795281552e-05,-0.294677159494154,5.11137489862405e-06,TRUE,TRUE,0.294677159494154
"Mir23a","ENSMUSG00000065611",-1.81507149679503,0.217400917844316,0.335687379775723,0.854424894566208,FALSE,FALSE,1.81507149679503
"Mir27a","ENSMUSG00000065444",-0.880820145455709,0.594416882569535,0.886917647994046,0.600926557537086,FALSE,FALSE,0.886917647994046
"Mllt11","ENSMUSG00000053192",0.26249031498911,0.0939330889311252,0.179744435003518,0.287657992303167,FALSE,FALSE,0.26249031498911
"Mlst8","ENSMUSG00000024142",-0.103145812644987,0.437580849942385,-0.195448585410992,0.0855421008676453,FALSE,FALSE,0.195448585410992
"Moap1","ENSMUSG00000096458",NA,NA,NA,NA,FALSE,FALSE,NA
"Mpg","ENSMUSG00000020287",-0.016896802187843,0.952828702549527,-0.230779414939762,0.253110308057124,FALSE,FALSE,0.230779414939762
"Mroh1","ENSMUSG00000022558",-0.203418692707773,0.00361713233359288,-0.392117895720199,1.02030095169176e-09,TRUE,TRUE,0.392117895720199
"Mrpl20","ENSMUSG00000029066",0.120430312808054,0.415445561045897,0.0816142016237077,0.600628494485268,FALSE,FALSE,0.120430312808054
"Mrpl36","ENSMUSG00000021607",0.144597085455098,0.1733985835971,0.0840160115070382,0.476874123145668,FALSE,FALSE,0.144597085455098
"Mrps15","ENSMUSG00000028861",-0.169827143049658,0.0597995515170155,-0.318409646761095,8.16029108332122e-05,FALSE,TRUE,0.318409646761095
"Mrps18b","ENSMUSG00000024436",0.124677068496605,0.303217410327326,0.209203846314418,0.0506314082267065,FALSE,FALSE,0.209203846314418
"Mrps18c","ENSMUSG00000016833",-0.109000856818331,0.664597759317089,0.128298706282488,0.577354566182562,FALSE,FALSE,0.128298706282488
"Mrps31","ENSMUSG00000031533",-0.148646685699653,0.116219010601233,-0.0668860405132987,0.54555150873404,FALSE,FALSE,0.148646685699653
"Msantd3","ENSMUSG00000039693",0.300290704194378,0.000189801367832181,0.497249184302315,6.59093274648587e-11,TRUE,TRUE,0.497249184302315
"Mtch2","ENSMUSG00000027282",-0.0677872934906119,0.330871883663117,0.00874463294488891,0.924192166171171,FALSE,FALSE,0.0677872934906119
"Mtdh","ENSMUSG00000022255",-0.447472601794053,2.94499407597979e-18,-0.358026231326155,7.10023832590123e-12,TRUE,TRUE,0.447472601794053
"Mthfd1l","ENSMUSG00000040675",1.05077122858192,0.00659373327097878,0.679492069073686,0.139321069461267,TRUE,FALSE,1.05077122858192
"Mthfd2","ENSMUSG00000005667",2.36591971835156,2.4558789554243e-56,1.9640955953861,2.29044708016584e-40,TRUE,TRUE,2.36591971835156
"Mthfd2l","ENSMUSG00000029376",0.152030794849295,0.412926266878723,-0.0622934402521945,0.764307122951414,FALSE,FALSE,0.152030794849295
"Mthfr","ENSMUSG00000029009",0.119751726106242,0.635771710238435,0.157806579694199,0.496743070586868,FALSE,FALSE,0.157806579694199
"Mtus1","ENSMUSG00000045636",-0.528735786844095,3.2545095750314e-08,-0.510273001276214,1.06160359173605e-07,TRUE,TRUE,0.528735786844095
"Myct1","ENSMUSG00000046916",-0.164790751642875,0.552500617606679,-0.128330214446559,0.645691211384711,FALSE,FALSE,0.164790751642875
"Myh9","ENSMUSG00000022443",0.0945656180521472,0.595379921024372,0.342112855177056,0.0100985220358957,FALSE,TRUE,0.342112855177056
"Myl12a","ENSMUSG00000024048",0.425411306173617,0.0166585239371149,0.851743831234328,1.15318135691359e-07,TRUE,TRUE,0.851743831234328
"Myo18b","ENSMUSG00000072720",-0.0457628524022917,0.780096307091833,0.226504459332791,0.0504980182356119,FALSE,FALSE,0.226504459332791
"Myo19","ENSMUSG00000020527",-0.589962926907222,0.0120694907403102,-0.224243555579984,0.441975072429291,TRUE,FALSE,0.589962926907222
"Myo1e","ENSMUSG00000032220",0.107303518606201,0.372551282694283,-0.152662852057274,0.164249127007348,FALSE,FALSE,0.152662852057274
"Myom3","ENSMUSG00000037139",0.0386667833518112,0.967680715266921,1.15252185402611,0.0621022826967804,FALSE,FALSE,1.15252185402611
"Naa50","ENSMUSG00000022698",-0.147894910044704,0.0960960386520411,-0.355748228710834,3.41620061348855e-06,FALSE,TRUE,0.355748228710834
"Nab2","ENSMUSG00000025402",1.47702955546598,1.07395316051295e-12,2.1271416143483,8.66837535170928e-25,TRUE,TRUE,2.1271416143483
"Naglu","ENSMUSG00000001751",0.0391454314412348,0.881718765653764,-0.175108338588728,0.384116188640862,FALSE,FALSE,0.175108338588728
"Nagpa","ENSMUSG00000023143",0.133472872805989,0.44116345039595,-0.150402938383209,0.369434184477286,FALSE,FALSE,0.150402938383209
"Nampt","ENSMUSG00000020572",-0.265295952969886,0.0526277796536785,-0.430354068758633,0.000598234613128443,FALSE,TRUE,0.430354068758633
"Nap1l1","ENSMUSG00000058799",-0.0808225374390909,0.546979150960593,0.0574425618198865,0.677832707205545,FALSE,FALSE,0.0808225374390909
"Napa","ENSMUSG00000006024",0.0298250302909099,0.778663391629717,0.0154124664502013,0.890134798133284,FALSE,FALSE,0.0298250302909099
"Nav3","ENSMUSG00000020181",-0.123033937498182,0.834675148646511,0.739012975437086,0.0821000730344665,FALSE,FALSE,0.739012975437086
"Nckap1","ENSMUSG00000027002",-0.101105545388904,0.26770142376936,-0.204808676999541,0.00878748803335691,FALSE,TRUE,0.204808676999541
"Ncoa2","ENSMUSG00000005886",-0.365694973857489,8.90807160340287e-05,-0.420393995374695,4.52469804172562e-06,TRUE,TRUE,0.420393995374695
"Ncoa3","ENSMUSG00000027678",-0.303187404258995,0.014290379562145,-0.427753133419572,0.000264691311747883,TRUE,TRUE,0.427753133419572
"Ndufaf6","ENSMUSG00000050323",0.0529421224959186,0.670965601058254,-0.232404758164295,0.0091745460498252,FALSE,TRUE,0.232404758164295
"Ndufv2","ENSMUSG00000024099",-0.127303239948447,0.177891483686481,-0.266405822088675,0.0010747139895282,FALSE,TRUE,0.266405822088675
"Neat1","ENSMUSG00000092274",-0.529661735396622,0.00151738892226312,-0.502148048177111,0.00282096058312275,TRUE,TRUE,0.529661735396622
"Nek6","ENSMUSG00000026749",-0.589091305496838,0.005240951190788,-0.736960043138617,0.000306695176178016,TRUE,TRUE,0.736960043138617
"1700012D01Rik","ENSMUSG00000040195",0.0658449891815677,0.785400099271456,0.252623562788099,0.163894785434444,FALSE,FALSE,0.252623562788099
"Neu1","ENSMUSG00000007038",-0.139560930126656,0.210976107352189,-0.156043318232981,0.151410869976758,FALSE,FALSE,0.156043318232981
"Neurl2","ENSMUSG00000039873",0.0459294767044493,0.775189038471117,-0.0568695859900953,0.702025446444429,FALSE,FALSE,0.0568695859900953
"Nfatc3","ENSMUSG00000031902",-0.288319908224341,0.000668740892493431,-0.298760998091737,0.000404847176905294,TRUE,TRUE,0.298760998091737
"Nfatc4","ENSMUSG00000023411",0.00423661232499176,0.988368622263554,0.128876332800389,0.593110389737525,FALSE,FALSE,0.128876332800389
"Nfia","ENSMUSG00000028565",-0.400011723197067,4.73641355429844e-05,-0.448366452533693,3.7871156561671e-06,TRUE,TRUE,0.448366452533693
"Nfil3","ENSMUSG00000056749",0.089409786255562,0.886626850244455,0.290438112676085,0.5702575096014,FALSE,FALSE,0.290438112676085
"Nfkbib","ENSMUSG00000030595",0.210050025034246,0.031587752475551,0.306931534077539,0.000849781628184694,TRUE,TRUE,0.306931534077539
"Nfx1","ENSMUSG00000028423",-0.287806023767232,3.45776904973481e-05,-0.294637624453775,2.3717925746939e-05,TRUE,TRUE,0.294637624453775
"Nfyc","ENSMUSG00000032897",-0.249114368124507,0.00140819286814776,-0.348723098605006,2.7791837417299e-06,TRUE,TRUE,0.348723098605006
"Nherf1","ENSMUSG00000020733",0.655440594629028,0.0135065584661888,0.597187291372606,0.0274302373596246,TRUE,TRUE,0.655440594629028
"Nhlrc1","ENSMUSG00000044231",-0.218166449037256,0.143902489530366,-0.00815485284219252,0.970638638053945,FALSE,FALSE,0.218166449037256
"Nhlrc2","ENSMUSG00000025078",0.208935036758613,0.00351046740173509,0.266276091291684,0.000116646987122162,TRUE,TRUE,0.266276091291684
"Niban1","ENSMUSG00000026483",1.07496625135505,4.32001102927838e-18,1.0730762518775,7.05612510383599e-18,TRUE,TRUE,1.07496625135505
"Ninj2","ENSMUSG00000041377",1.81710398225861,0.388917841273273,2.80173096152159,0.11310091698441,FALSE,FALSE,2.80173096152159
"Nlrc5","ENSMUSG00000074151",0.527870753862321,0.0172452467707302,0.566208179503951,0.0100849107829427,TRUE,TRUE,0.566208179503951
"Nmral1","ENSMUSG00000063445",-0.715192712703073,0.00156876052474648,-0.528775803632644,0.0238063540450375,TRUE,TRUE,0.715192712703073
"Nmt1","ENSMUSG00000020936",-0.274150828268006,4.63929150496434e-06,-0.224526430009528,0.000270919557746338,TRUE,TRUE,0.274150828268006
"Noct","ENSMUSG00000023087",-0.143388783959174,0.77450236416984,-0.135158574018922,0.778215273516659,FALSE,FALSE,0.143388783959174
"Nol8","ENSMUSG00000021392",0.0516262283760875,0.71900584124947,0.324370102106006,0.000933113350041514,FALSE,TRUE,0.324370102106006
"Nop10","ENSMUSG00000027133",0.193100028393684,0.0411519882060837,0.160835094479978,0.100057455317448,TRUE,FALSE,0.193100028393684
"Nos3","ENSMUSG00000028978",-0.180339780464709,0.464987289262864,-0.108669847767346,0.681343866184984,FALSE,FALSE,0.180339780464709
"Nptn","ENSMUSG00000032336",-0.125086729228627,0.0664812491261819,-0.284385019742518,1.90746755142759e-06,FALSE,TRUE,0.284385019742518
"Nr1d1","ENSMUSG00000020889",-0.253663610221482,0.375603202970145,-0.310806043006449,0.248397742997798,FALSE,FALSE,0.310806043006449
"Nr1d2","ENSMUSG00000021775",-0.153157129405308,0.397798401019337,-0.445062874923827,0.0019725695888857,FALSE,TRUE,0.445062874923827
"Nras","ENSMUSG00000027852",0.243186107569155,0.00110466897914648,0.0238321114513313,0.831913299775619,TRUE,FALSE,0.243186107569155
"Nrbp1","ENSMUSG00000029148",0.296294970478066,2.11399949529312e-05,0.26966837925041,0.000128061449714607,TRUE,TRUE,0.296294970478066
"Nrep","ENSMUSG00000042834",-0.123332892658114,0.710282164827671,-0.863969803355642,8.67675507288104e-05,FALSE,TRUE,0.863969803355642
"Nrp1","ENSMUSG00000025810",-0.297182659317608,0.162544434961165,-0.342529359055997,0.0956762262961567,FALSE,FALSE,0.342529359055997
"Nrros","ENSMUSG00000052384",1.13444001633645,3.58701406854735e-08,0.504031325741286,0.0263375000315184,TRUE,TRUE,1.13444001633645
"Nsmaf","ENSMUSG00000028245",-0.458159532643708,3.33539612827807e-15,-0.513917754563693,4.6019020851285e-19,TRUE,TRUE,0.513917754563693
"Nsmce2","ENSMUSG00000059586",-0.249374041129374,0.0149526441372984,-0.196557446069338,0.0640823118187408,TRUE,FALSE,0.249374041129374
"Nsun2","ENSMUSG00000021595",-0.152324716360336,0.0632762753808873,-0.141616375525195,0.0886014366040244,FALSE,FALSE,0.152324716360336
"Nudcd3","ENSMUSG00000053838",-0.0516710593995313,0.560350937372802,-0.113590776398117,0.11848777722217,FALSE,FALSE,0.113590776398117
"Nudt9","ENSMUSG00000029310",-0.17099766908491,0.0428161954789658,-0.16925134540438,0.045079275461262,TRUE,TRUE,0.17099766908491
"Nufip1","ENSMUSG00000022009",-0.0732343803312807,0.706191696126914,0.0272271873504142,0.898770441711595,FALSE,FALSE,0.0732343803312807
"Nup188","ENSMUSG00000052533",0.0254324973002018,0.868122673811133,-0.0343428634157762,0.810500441034031,FALSE,FALSE,0.0343428634157762
"Nup205","ENSMUSG00000038759",0.0055229764941118,0.969443464379979,0.0804126165112226,0.468701445632862,FALSE,FALSE,0.0804126165112226
"Nup62","ENSMUSG00000109511",-0.096135602343246,0.434618062596365,0.0041974679311435,0.979357576064662,FALSE,FALSE,0.096135602343246
"Nupr1","ENSMUSG00000030717",1.14072641909968,4.42574060329922e-14,1.04118168121396,9.16341502799194e-12,TRUE,TRUE,1.14072641909968
"Nutm1","ENSMUSG00000041358",NA,NA,NA,NA,FALSE,FALSE,NA
"Oat","ENSMUSG00000030934",-0.206407116115578,0.0205646214340605,-0.128099082197005,0.191267955345921,TRUE,FALSE,0.206407116115578
"Opn5","ENSMUSG00000043972",NA,NA,NA,NA,FALSE,FALSE,NA
"Orai2","ENSMUSG00000039747",0.651177939355043,0.0208898529955021,1.24989956291098,2.11669619345285e-06,TRUE,TRUE,1.24989956291098
"Osbpl8","ENSMUSG00000020189",0.132935508820142,0.286613823180375,0.19883116307,0.0792971002236109,FALSE,FALSE,0.19883116307
"Oser1","ENSMUSG00000035399",0.0637473553404657,0.694749400643683,0.0593333332789347,0.713917843811988,FALSE,FALSE,0.0637473553404657
"Osgep","ENSMUSG00000006289",-0.222410745231598,0.00949342216742173,-0.212738009981813,0.01414693971303,TRUE,TRUE,0.222410745231598
"Osgin1","ENSMUSG00000074063",0.0995714302627194,0.697116950022647,0.294478947168654,0.141049869146099,FALSE,FALSE,0.294478947168654
"Ostm1","ENSMUSG00000038280",-0.257051491077922,0.00321454795144397,-0.402231974880865,9.21835278942107e-07,TRUE,TRUE,0.402231974880865
"Otud3","ENSMUSG00000041161",-0.421178296900472,9.33982173993219e-06,-0.450086417715845,1.93093220418994e-06,TRUE,TRUE,0.450086417715845
"Otud7b","ENSMUSG00000038495",-0.185138009310578,0.0178849017221991,-0.074557180924443,0.43086682534552,TRUE,FALSE,0.185138009310578
"Oxct1","ENSMUSG00000022186",-0.143393162395704,0.400067082832686,-0.423986793916289,0.00165007399345558,FALSE,TRUE,0.423986793916289
"P4ha1","ENSMUSG00000019916",0.13125011586245,0.379335223125967,0.372859112935099,0.00183519321242427,FALSE,TRUE,0.372859112935099
"P4hb","ENSMUSG00000025130",1.03941266944013,1.25581280651572e-42,1.07450415334327,1.85613556345112e-45,TRUE,TRUE,1.07450415334327
"Pacsin2","ENSMUSG00000016664",0.0443778743619407,0.759997960906423,0.0422648829775133,0.762190322178167,FALSE,FALSE,0.0443778743619407
"Pam","ENSMUSG00000026335",0.955698629609113,4.98028275056438e-30,1.03681814895264,4.55082079234212e-35,TRUE,TRUE,1.03681814895264
"Pank3","ENSMUSG00000018846",-0.145972078281628,0.106605748112165,-0.268647281127524,0.000930945641817712,FALSE,TRUE,0.268647281127524
"Parvb","ENSMUSG00000022438",-0.176431868780366,0.0338333111137687,-0.284929257715371,0.000193630749204938,TRUE,TRUE,0.284929257715371
"Patl1","ENSMUSG00000046139",-0.286330262012573,0.00540715021296089,-0.216514975161958,0.045685543926148,TRUE,TRUE,0.286330262012573
"Pawr","ENSMUSG00000035873",-0.153397413702428,0.743529040582018,-0.299437098615862,0.491605342425709,FALSE,FALSE,0.299437098615862
"Pced1a","ENSMUSG00000037773",-0.0957375871429032,0.590265298566471,0.0318897471603573,0.877012735232903,FALSE,FALSE,0.0957375871429032
"Pcgf2","ENSMUSG00000018537",0.424637732117184,0.0772808910590669,0.778918684950325,0.00062752255654662,FALSE,TRUE,0.778918684950325
"Pcid2","ENSMUSG00000038542",-0.134492541704672,0.214380578525116,-0.0920586124675869,0.431293070461871,FALSE,FALSE,0.134492541704672
"Pcm1","ENSMUSG00000031592",-0.215149034328976,0.0318511559839187,-0.25909306868472,0.00745947576255869,TRUE,TRUE,0.25909306868472
"Pcnx4","ENSMUSG00000034501",0.156890172676377,0.284064502908371,0.0447673447257287,0.798038039546858,FALSE,FALSE,0.156890172676377
"Pdap1","ENSMUSG00000029623",0.0400486601552264,0.645058913829082,0.0481578565569786,0.553149146296035,FALSE,FALSE,0.0481578565569786
"Pdcd1lg2","ENSMUSG00000016498",NA,NA,NA,NA,FALSE,FALSE,NA
"Pdcd6","ENSMUSG00000021576",0.242649923912923,0.00865104041125839,0.235230244946564,0.0116169724658663,TRUE,TRUE,0.242649923912923
"Pde12","ENSMUSG00000043702",-0.0530985998199149,0.739664889433573,0.0591780146764337,0.690955095108283,FALSE,FALSE,0.0591780146764337
"Pdk1","ENSMUSG00000006494",0.127215857075716,0.121664520558035,0.206983990709387,0.00554920485327057,FALSE,TRUE,0.206983990709387
"Pdp1","ENSMUSG00000049225",0.384437376254574,0.0836578520557869,0.534391566635834,0.0101915620162081,FALSE,TRUE,0.534391566635834
"Pdxk","ENSMUSG00000032788",0.0436311052858547,0.872959590703345,-0.335870316520035,0.0737102465826528,FALSE,FALSE,0.335870316520035
"Pdzrn3","ENSMUSG00000035357",-0.313253426137848,0.000254495000749548,-0.292774291273348,0.000707724086905418,TRUE,TRUE,0.313253426137848
"Pepd","ENSMUSG00000063931",0.206448168048151,0.0134965663360217,0.0480878785038159,0.667083861527888,TRUE,FALSE,0.206448168048151
"Pex5","ENSMUSG00000005069",0.0696316817607909,0.565287191023277,0.198121456515424,0.0357923711852955,FALSE,TRUE,0.198121456515424
"Pfkl","ENSMUSG00000020277",0.0439298924232565,0.823590037182714,0.295070190228054,0.031320659506793,FALSE,TRUE,0.295070190228054
"Pfn1","ENSMUSG00000018293",0.346140799706238,0.000378507112134719,0.253641028363409,0.0132651743654063,TRUE,TRUE,0.346140799706238
"Pgap6","ENSMUSG00000024180",1.01826490556897,0.000236258711144075,0.935195808994575,0.000524751175994787,TRUE,TRUE,1.01826490556897
"Pgk1","ENSMUSG00000062070",-0.0639264145419576,0.671724830049805,-0.170219298986462,0.153211764226246,FALSE,FALSE,0.170219298986462
"Pgm1","ENSMUSG00000025791",-0.55157944800069,1.79059160039942e-06,-0.709214504553828,3.08041941941279e-10,TRUE,TRUE,0.709214504553828
"Phc3","ENSMUSG00000037652",-0.134235403059147,0.239751931577469,-0.216145934206836,0.0354237341832537,FALSE,TRUE,0.216145934206836
"Phf20l1","ENSMUSG00000072501",-0.374642406755795,1.43695614336702e-10,-0.422179020637486,3.13920310076535e-13,TRUE,TRUE,0.422179020637486
"Phf3","ENSMUSG00000048874",-0.130098703312558,0.195096531730219,-0.061776361845714,0.595938620010887,FALSE,FALSE,0.130098703312558
"Phgdh","ENSMUSG00000053398",1.4593134928291,3.07112559460438e-06,0.979742413153416,0.00253986023547617,TRUE,TRUE,1.4593134928291
"Phkb","ENSMUSG00000036879",-0.633393171282146,2.18307894866355e-12,-0.743792895117383,6.75496986991638e-17,TRUE,TRUE,0.743792895117383
"Phldb1","ENSMUSG00000048537",0.460161071047818,3.56659793640247e-07,0.686035701076906,5.65662612342224e-15,TRUE,TRUE,0.686035701076906
"Phtf2","ENSMUSG00000039987",-0.14951249426777,0.15916900243856,-0.212231920315324,0.0307949400032084,FALSE,TRUE,0.212231920315324
"Pias4","ENSMUSG00000004934",-0.00352798216901154,0.979680937216792,-0.0929021877782243,0.359441885116366,FALSE,FALSE,0.0929021877782243
"Picalm","ENSMUSG00000039361",-0.270295203014819,0.0459243639061978,-0.172624270263814,0.245327018083817,TRUE,FALSE,0.270295203014819
"Pigt","ENSMUSG00000017721",-0.0984918931456711,0.370712110523086,-0.0926795042826688,0.398130146315394,FALSE,FALSE,0.0984918931456711
"Pigw","ENSMUSG00000045140",0.348159480143652,0.0128908849643478,0.160338895240183,0.31176499969835,TRUE,FALSE,0.348159480143652
"Pigx","ENSMUSG00000023791",-0.139756349712481,0.556564493569511,-0.014312515753439,0.961372984276845,FALSE,FALSE,0.139756349712481
"Pik3r3","ENSMUSG00000028698",0.16496766030172,0.338799797772585,0.0854512144940908,0.653865075774878,FALSE,FALSE,0.16496766030172
"Pikfyve","ENSMUSG00000025949",-0.0321506698974342,0.862769453929072,-0.288362091109538,0.0192246286100156,FALSE,TRUE,0.288362091109538
"Pip4p1","ENSMUSG00000035953",-0.117788281286038,0.461880164094238,-0.369554896237072,0.00307884244346996,FALSE,TRUE,0.369554896237072
"Pip4p2","ENSMUSG00000028221",-0.121597505857346,0.166861749969355,-0.174958026268306,0.030329435417954,FALSE,TRUE,0.174958026268306
"Pisd","ENSMUSG00000023452",0.254307462695189,0.00969550557558487,0.104934591070469,0.372387744723693,TRUE,FALSE,0.254307462695189
"Pitpnb","ENSMUSG00000050017",-0.0512100235645755,0.506900123615587,-0.135037798626388,0.0288378583156111,FALSE,TRUE,0.135037798626388
"Pkd1l1","ENSMUSG00000046634",0.0718851622509511,0.957369677901093,0.689838100404965,0.509538625949794,FALSE,FALSE,0.689838100404965
"Pkd1l2","ENSMUSG00000034416",3.12013285166354,0.0433363398526928,-0.488958340767725,0.729423598869,TRUE,FALSE,3.12013285166354
"Pkm","ENSMUSG00000032294",-0.105664421337784,0.321873890045922,-0.19717597812745,0.0324198173674218,FALSE,TRUE,0.19717597812745
"Plau","ENSMUSG00000021822",0.399574259349664,0.0628221440829269,0.109665584030869,0.690806832565993,FALSE,FALSE,0.399574259349664
"Pld3","ENSMUSG00000003363",0.137594543529501,0.363115196067916,0.149912708611891,0.311033303113623,FALSE,FALSE,0.149912708611891
"Pld6","ENSMUSG00000043648",2.19107672316902,0.122918822227033,3.16579100060083,0.0414036976306977,FALSE,TRUE,3.16579100060083
"Plekha6","ENSMUSG00000041757",0.0527414589804134,0.830156467891635,-0.104442454365485,0.629224892171616,FALSE,FALSE,0.104442454365485
"Plekha7","ENSMUSG00000045659",-0.30276438134184,0.3146811254822,0.672929898676452,0.0195629724310047,FALSE,TRUE,0.672929898676452
"Plekhb2","ENSMUSG00000026123",-0.263671325150185,0.000392275687692765,-0.338943745279095,2.49507980408026e-06,TRUE,TRUE,0.338943745279095
"Plekhm1","ENSMUSG00000034247",-0.0544664381390296,0.694584479107104,-0.198473252130977,0.0547833153442114,FALSE,FALSE,0.198473252130977
"Plekho1","ENSMUSG00000015745",1.55603044677029,1.67594641629335e-22,1.47581141818099,1.66011812205853e-20,TRUE,TRUE,1.55603044677029
"Plin2","ENSMUSG00000028494",0.286047836291045,0.0186902621972249,0.0903296774876359,0.559480385886884,TRUE,FALSE,0.286047836291045
"Plk1","ENSMUSG00000030867",1.89489801564089,0.000267823681628246,1.38761492400678,0.0162407018734202,TRUE,TRUE,1.89489801564089
"Plod2","ENSMUSG00000032374",0.139256134980461,0.50176965709498,0.346066895890217,0.0480230247888042,FALSE,TRUE,0.346066895890217
"Plscr4","ENSMUSG00000032377",0.0990159564750629,0.516647981565534,0.173130878362183,0.204973228612576,FALSE,FALSE,0.173130878362183
"Pnisr","ENSMUSG00000028248",-0.160409200974079,0.0980714395684615,-0.143036265805733,0.149632428170054,FALSE,FALSE,0.160409200974079
"Pnkp","ENSMUSG00000002963",-0.213583743366682,0.0130065721155919,-0.124019738832085,0.196344660751226,TRUE,FALSE,0.213583743366682
"Pno1","ENSMUSG00000020116",-0.0215692913066712,0.838672370574666,0.0220382562886296,0.829087476369771,FALSE,FALSE,0.0220382562886296
"Pnp","ENSMUSG00000115338",0.927266268732353,0.00459374702741427,0.131953030505848,0.777443159879428,TRUE,FALSE,0.927266268732353
"Pola2","ENSMUSG00000024833",0.29998450933502,0.0136238645489822,-0.0716785921289254,0.653980024826699,TRUE,FALSE,0.29998450933502
"Polr3g","ENSMUSG00000035834",0.23708617406491,0.261931603564009,0.109923754079287,0.65225861769978,FALSE,FALSE,0.23708617406491
"Pomt1","ENSMUSG00000039254",-0.0808775077769989,0.529943265453063,-0.0622866751047825,0.63715317893102,FALSE,FALSE,0.0808775077769989
"Ppa1","ENSMUSG00000020089",0.212492987226959,0.00333007207640986,0.195345792180075,0.00759916717329832,TRUE,TRUE,0.212492987226959
"Ppfibp2","ENSMUSG00000036528",-0.284374412750166,0.145172074273816,-0.288734100063519,0.134342081470313,FALSE,FALSE,0.288734100063519
"Ppia","ENSMUSG00000071866",0.248223722429856,0.043990883851605,0.235003431008646,0.0600650068813272,TRUE,FALSE,0.248223722429856
"Ppid","ENSMUSG00000027804",-0.221347395045227,0.134640209772063,-0.170824196439228,0.273776077920872,FALSE,FALSE,0.221347395045227
"Ppip5k2","ENSMUSG00000040648",-0.061158772350215,0.809006758079684,0.132441716844726,0.543594849514507,FALSE,FALSE,0.132441716844726
"Ppm1h","ENSMUSG00000034613",-0.0497929751313588,0.886497905916768,-0.0616548405339269,0.856949120648036,FALSE,FALSE,0.0616548405339269
"Ppp1r10","ENSMUSG00000039220",0.394114841721993,0.131878503690089,0.639087476852674,0.00707414474856884,FALSE,TRUE,0.639087476852674
"Ppp1r12b","ENSMUSG00000073557",-0.262047706684048,0.000864203131980574,-0.0257633647327444,0.827903152096348,TRUE,FALSE,0.262047706684048
"Ppp1r15a","ENSMUSG00000040435",0.171264650168206,0.627808870402442,0.381175280846668,0.187630469851545,FALSE,FALSE,0.381175280846668
"Ppp1r18","ENSMUSG00000034595",0.31630936366829,0.118191691865208,0.246174674905309,0.257224466458981,FALSE,FALSE,0.31630936366829
"Ppp1r3e","ENSMUSG00000072494",-0.586228086854534,0.00048037334416206,-0.551617630620603,0.00112510052550835,TRUE,TRUE,0.586228086854534
"Ppp2r1b","ENSMUSG00000032058",-0.036483783488703,0.898556662530686,-0.0986033829817513,0.683831377823817,FALSE,FALSE,0.0986033829817513
"Ppp3r1","ENSMUSG00000033953",-0.194538840371147,0.000986812982021772,-0.242761302452154,2.34483738570205e-05,TRUE,TRUE,0.242761302452154
"Fam118b","ENSMUSG00000050471",-0.340352617946783,1.97920102418266e-05,-0.343052568662172,1.98750683885758e-05,TRUE,TRUE,0.343052568662172
"Ppt1","ENSMUSG00000028657",0.295252629192954,0.0081118741366763,0.23931719523107,0.0387333038334616,TRUE,TRUE,0.295252629192954
"Prcp","ENSMUSG00000061119",0.485357488911092,0.00225602986834176,0.634995398414153,4.75554949997361e-05,TRUE,TRUE,0.634995398414153
"Prdx1","ENSMUSG00000028691",0.0385539284901139,0.787700206403174,-0.0146080154779136,0.92328287203904,FALSE,FALSE,0.0385539284901139
"Prdx5","ENSMUSG00000024953",-0.169409448594569,0.0510610470582885,-0.206970127207944,0.0129826332106795,FALSE,TRUE,0.206970127207944
"Prkar2b","ENSMUSG00000002997",0.47855810724726,0.249112206791286,-0.233700608094813,0.61616999868576,FALSE,FALSE,0.47855810724726
"Prkcb","ENSMUSG00000052889",0.796799167631028,0.0875209899305439,0.536584304742433,0.23931302152985,FALSE,FALSE,0.796799167631028
"Prkch","ENSMUSG00000021108",-0.239377194367561,0.155753729128942,-0.24853715403305,0.150348898539185,FALSE,FALSE,0.24853715403305
"Prmt3","ENSMUSG00000030505",0.0624917152687686,0.51643815457786,0.0593848015205092,0.537368338673123,FALSE,FALSE,0.0624917152687686
"Prpf3","ENSMUSG00000015748",-0.132963191848799,0.200014883197634,-0.0586102670338864,0.630267467299469,FALSE,FALSE,0.132963191848799
"Prpsap1","ENSMUSG00000015869",0.418807617968956,0.000955514408246443,0.55038029345334,8.6712987860628e-06,TRUE,TRUE,0.55038029345334
"Prr3","ENSMUSG00000038500",0.49144256542297,0.0102077480990873,0.420403444974604,0.0287315612924527,TRUE,TRUE,0.49144256542297
"Prr5l","ENSMUSG00000032841",0.59868598929936,0.135774372495953,0.897722328478907,0.0238063540450375,FALSE,TRUE,0.897722328478907
"Prrc2c","ENSMUSG00000040225",-0.231513290735675,0.00841271425474746,-0.150420417867706,0.115970397813043,TRUE,FALSE,0.231513290735675
"Psat1","ENSMUSG00000024640",3.20493907785561,1.31951619049612e-61,3.08375716239026,2.56239810049218e-56,TRUE,TRUE,3.20493907785561
"Psma3","ENSMUSG00000060073",-0.118118768704181,0.220363191752736,-0.0872638726920446,0.392752455397494,FALSE,FALSE,0.118118768704181
"Psma4","ENSMUSG00000032301",0.165039089859223,0.0180366890917501,0.202285265594197,0.00263889953795669,TRUE,TRUE,0.202285265594197
"Psmb5","ENSMUSG00000022193",0.294635535513422,0.0127192291690026,0.343256146893147,0.00283458520747614,TRUE,TRUE,0.343256146893147
"Psmc2","ENSMUSG00000028932",-0.0409775767738922,0.670445954441081,0.0800361017847936,0.325397301086799,FALSE,FALSE,0.0800361017847936
"Psmc4","ENSMUSG00000030603",0.171576593166018,0.0249501041856195,0.194811254958682,0.00913393453847658,TRUE,TRUE,0.194811254958682
"Psmc6","ENSMUSG00000021832",0.165251631103432,0.0275656753801587,0.223898099100332,0.00160615300451433,TRUE,TRUE,0.223898099100332
"Psmd1","ENSMUSG00000026229",-0.118184913681276,0.194858496759929,-0.0634072710650319,0.540366537135042,FALSE,FALSE,0.118184913681276
"Psmd12","ENSMUSG00000020720",0.0454183191379828,0.693417652723312,0.159769405904751,0.0634907799435465,FALSE,FALSE,0.159769405904751
"Psmd13","ENSMUSG00000025487",0.206665899492835,0.016938516209473,0.272382155894275,0.000958413767340222,TRUE,TRUE,0.272382155894275
"Psmd14","ENSMUSG00000026914",0.293440394847778,0.00020996934411376,0.25815013284591,0.0013133747206087,TRUE,TRUE,0.293440394847778
"Psmd9","ENSMUSG00000029440",-0.189650878454437,0.0120555937439116,-0.214436171579963,0.0037637182109166,TRUE,TRUE,0.214436171579963
"Psme3","ENSMUSG00000078652",-0.0172537568579087,0.872616820288594,0.0446112986731994,0.625309581215713,FALSE,FALSE,0.0446112986731994
"Psmg1","ENSMUSG00000022913",-0.10429207891219,0.429809785978439,0.00490312447743548,0.977538061938247,FALSE,FALSE,0.10429207891219
"Psph","ENSMUSG00000029446",-0.0709037761079429,0.619718646778397,-0.189794059047027,0.0883488916941895,FALSE,FALSE,0.189794059047027
"Ptch1","ENSMUSG00000021466",-0.296028266836717,0.00456279869385901,-0.297537443476387,0.00468540469129002,TRUE,TRUE,0.297537443476387
"Ptgr3","ENSMUSG00000049090",-0.131639988651236,0.0867411069884796,-0.265018201141045,8.80521839920395e-05,FALSE,TRUE,0.265018201141045
"Ptpa","ENSMUSG00000039515",0.056532406867401,0.462693053727987,-0.0402354347491601,0.616753147620716,FALSE,FALSE,0.056532406867401
"Ptprm","ENSMUSG00000033278",-0.229538111392908,0.0564952648666988,-0.538576425537169,3.78791696696436e-07,FALSE,TRUE,0.538576425537169
"Pum2","ENSMUSG00000020594",-0.183394663064216,0.000586408658823209,-0.311378125673134,5.79903532332472e-10,TRUE,TRUE,0.311378125673134
"Pzp","ENSMUSG00000030359",-1.4553759414291,0.612062379421205,1.93449850217477,0.430696039095679,FALSE,FALSE,1.93449850217477
"Qdpr","ENSMUSG00000015806",0.0627117410867095,0.686091281961327,-0.143273209336405,0.259409129368352,FALSE,FALSE,0.143273209336405
"Qki","ENSMUSG00000062078",-0.227059043042549,0.00917101125645806,-0.170937526606239,0.0625926042624374,TRUE,FALSE,0.227059043042549
"Rab1a","ENSMUSG00000020149",0.129994152253695,0.047154813147279,0.115258252745441,0.0850852208082949,TRUE,FALSE,0.129994152253695
"Rab21","ENSMUSG00000020132",-0.252246788666671,3.66683513110227e-06,-0.180259453559769,0.00157106153814733,TRUE,TRUE,0.252246788666671
"Rab31","ENSMUSG00000056515",0.577951942892033,5.11952933522817e-05,0.734392212877881,1.68194727250894e-07,TRUE,TRUE,0.734392212877881
"Rab32","ENSMUSG00000019832",1.31733528588804,1.86022803421533e-05,0.652207554579276,0.049839926956936,TRUE,TRUE,1.31733528588804
"Rab5a","ENSMUSG00000017831",0.0788615155130092,0.380796936541169,0.18640907856974,0.0119443779898092,FALSE,TRUE,0.18640907856974
"Rab7","ENSMUSG00000079477",-0.491941339928549,8.30168445674671e-07,-0.381959436791381,0.000206387411680324,TRUE,TRUE,0.491941339928549
"Rack1","ENSMUSG00000020372",-0.0219944851967113,0.775009018429611,-0.0335749031018559,0.627434371427843,FALSE,FALSE,0.0335749031018559
"Rad23a","ENSMUSG00000003813",-0.292616597219033,1.72596222906978e-08,-0.318658893012435,6.32631329342446e-10,TRUE,TRUE,0.318658893012435
"Rad9a","ENSMUSG00000024824",0.174505192452808,0.339130956195721,0.306637304915106,0.0578634767830102,FALSE,FALSE,0.306637304915106
"Raet1e","ENSMUSG00000053219",-1.24513562703918,0.505470496360131,1.33372459392714,0.547621669527765,FALSE,FALSE,1.33372459392714
"Rai14","ENSMUSG00000022246",0.235297989488883,0.258797907677843,0.139134597220559,0.548773427624316,FALSE,FALSE,0.235297989488883
"Ralb","ENSMUSG00000004451",0.256733055147786,0.0317216983024317,0.364077464854401,0.00136621803177746,TRUE,TRUE,0.364077464854401
"Ralgps1","ENSMUSG00000038831",-0.319854378660888,0.0382612156566227,-0.299477868258741,0.0576626663792326,TRUE,FALSE,0.319854378660888
"Rapgef2","ENSMUSG00000062232",-0.363840014178697,0.025836292251704,-0.473792327242196,0.00265498092473401,TRUE,TRUE,0.473792327242196
"Rapgef3","ENSMUSG00000022469",-0.264986342607909,0.172567039246555,-0.377774526272214,0.0373371187424045,FALSE,TRUE,0.377774526272214
"Rapgef6","ENSMUSG00000037533",-0.204151213531323,0.0951483431516124,-0.264549692703971,0.0233373219434562,FALSE,TRUE,0.264549692703971
"Rara","ENSMUSG00000037992",0.189468474105585,0.309172346433502,0.332903590602905,0.0402118568127488,FALSE,TRUE,0.332903590602905
"Rasgrp3","ENSMUSG00000071042",-0.126431841447102,0.343832055614738,-0.538469628479546,1.27656684651421e-07,FALSE,TRUE,0.538469628479546
"Rbbp4","ENSMUSG00000057236",0.0180001879529988,0.871577130062193,-0.106442848909516,0.182975296152567,FALSE,FALSE,0.106442848909516
"Rbfox2","ENSMUSG00000033565",0.36344928486715,0.00409852089408924,0.505651926353398,2.67120662241606e-05,TRUE,TRUE,0.505651926353398
"Rbm15b","ENSMUSG00000074102",0.13011620936659,0.385879147855932,0.0122679166149874,0.951850031364798,FALSE,FALSE,0.13011620936659
"Rbm19","ENSMUSG00000029594",-0.261565388941237,0.00355816083860806,-0.0845788466378411,0.4604595763847,TRUE,FALSE,0.261565388941237
"Rbpj","ENSMUSG00000039191",0.0619180414987088,0.599797821849488,-0.0355595867673787,0.773034161703076,FALSE,FALSE,0.0619180414987088
"Rcbtb1","ENSMUSG00000035469",-0.102128763974198,0.264092565635363,-0.185919941030256,0.0192456637979666,FALSE,TRUE,0.185919941030256
"Rcbtb2","ENSMUSG00000022106",0.172253443314389,0.0518416982119228,0.0479868589066736,0.670126266898445,FALSE,FALSE,0.172253443314389
"Rchy1","ENSMUSG00000029397",-0.0160413592711297,0.912595594315202,-0.0559635494561328,0.649333512349021,FALSE,FALSE,0.0559635494561328
"Rdh11","ENSMUSG00000066441",0.317390172313587,0.0801799811240616,0.385818340557952,0.0283278668300287,FALSE,TRUE,0.385818340557952
"Rdh13","ENSMUSG00000008435",0.0820933269995106,0.681550037909916,0.192694639267712,0.237887987692246,FALSE,FALSE,0.192694639267712
"Relb","ENSMUSG00000002983",0.305340847699998,0.0391026556968943,0.210767988340678,0.185120622897546,TRUE,FALSE,0.305340847699998
"Rell1","ENSMUSG00000047881",-0.0643308589220805,0.636524547149887,-0.177622436966994,0.108051765975954,FALSE,FALSE,0.177622436966994
"Repin1","ENSMUSG00000052751",-0.262496056235343,0.000234168075463964,-0.245053629823046,0.000756609147333132,TRUE,TRUE,0.262496056235343
"Rere","ENSMUSG00000039852",-0.371521111784941,1.02967321411891e-06,-0.352434105712291,4.20570752858691e-06,TRUE,TRUE,0.371521111784941
"Retreg2","ENSMUSG00000049339",0.129294152766076,0.352252836092181,0.151248501168996,0.258776274149078,FALSE,FALSE,0.151248501168996
"Rev1","ENSMUSG00000026082",-0.480576783778204,2.74309979555824e-06,-0.524822034398703,2.80456153314003e-07,TRUE,TRUE,0.524822034398703
"Rfx2","ENSMUSG00000024206",0.827715468595779,8.41442183385251e-05,0.405501807790312,0.0921414061243783,TRUE,FALSE,0.827715468595779
"Rgs12","ENSMUSG00000029101",-0.0580794569013146,0.845043972079807,0.220732143338838,0.354425639304676,FALSE,FALSE,0.220732143338838
"Rhbdf1","ENSMUSG00000020282",0.107120410368085,0.445708213312613,0.161851549705808,0.20119665457221,FALSE,FALSE,0.161851549705808
"Rhoj","ENSMUSG00000046768",0.223962556028918,0.345724726605117,-0.0579555103581415,0.841652054620586,FALSE,FALSE,0.223962556028918
"Rhot1","ENSMUSG00000017686",-0.315822659770592,3.19691676868315e-12,-0.298620229235055,4.0548500446003e-11,TRUE,TRUE,0.315822659770592
"Rimklb","ENSMUSG00000040649",0.300371140289491,0.796070393154963,0.47492358879935,0.68805122710695,FALSE,FALSE,0.47492358879935
"Rimoc1","ENSMUSG00000041935",-0.240228134263258,0.0274309175499625,-0.351607638593521,0.000551950658900325,TRUE,TRUE,0.351607638593521
"Rin1","ENSMUSG00000024883",1.44598878167156,4.76126574703303e-11,1.49985339609084,4.27026694564073e-12,TRUE,TRUE,1.49985339609084
"Rit1","ENSMUSG00000028057",0.282186816036875,0.00121357893648996,0.16048896229602,0.0941002643094499,TRUE,FALSE,0.282186816036875
"Rita1","ENSMUSG00000029600",0.259403455017951,0.0693584414133687,0.145392586704011,0.373610954493028,FALSE,FALSE,0.259403455017951
"Rmc1","ENSMUSG00000024410",-0.116099591645998,0.351937485017846,-0.091956183187397,0.483013847652337,FALSE,FALSE,0.116099591645998
"Rmnd1","ENSMUSG00000019763",-0.0935795956911507,0.534988629981922,-0.126502244275403,0.357830263243772,FALSE,FALSE,0.126502244275403
"Rnase6","ENSMUSG00000021880",1.22033952492981,0.0918389004054352,0.635737349469253,0.36777975230252,FALSE,FALSE,1.22033952492981
"Rnasek","ENSMUSG00000093989",0.635356045788785,0.332796516220214,1.47615535615788,0.0133239398205955,FALSE,TRUE,1.47615535615788
"Rnd3","ENSMUSG00000017144",0.290600868500208,0.181668210151005,0.593417350505344,0.00179630027989634,FALSE,TRUE,0.593417350505344
"Rnf166","ENSMUSG00000014470",0.106511754153425,0.0970002850987858,0.120038259325077,0.0562875250654079,FALSE,FALSE,0.120038259325077
"Rnf185","ENSMUSG00000020448",-0.0241974507186946,0.902776260546423,-0.120581542669512,0.428013731458254,FALSE,FALSE,0.120581542669512
"Rnf215","ENSMUSG00000003581",0.06315419716462,0.740239747721132,0.295050218378982,0.0368393792063507,FALSE,TRUE,0.295050218378982
"Rnf220","ENSMUSG00000028677",-0.245080234210589,0.000200674825458696,-0.228186667142825,0.000603197551899848,TRUE,TRUE,0.245080234210589
"Rnmt","ENSMUSG00000009535",-0.196471098120429,0.0604244181051133,-0.175661577764552,0.100370488258458,FALSE,FALSE,0.196471098120429
"Robo4","ENSMUSG00000032125",-0.163059533278271,0.39626687092138,-0.256896194146188,0.14177291966805,FALSE,FALSE,0.256896194146188
"Rpa1","ENSMUSG00000000751",-0.0838646028014664,0.269037426456561,-0.0900616682230389,0.224292199915503,FALSE,FALSE,0.0900616682230389
"Rpl19","ENSMUSG00000017404",0.207010604520013,0.0823794449441065,0.279878932662963,0.0128350483568202,FALSE,TRUE,0.279878932662963
"Rpl27","ENSMUSG00000063316",0.182990559652433,0.205941415065725,-0.0132389547597587,0.948653289763879,FALSE,FALSE,0.182990559652433
"Rpl36al","ENSMUSG00000049751",2.72545993426878,9.70427400531548e-08,2.51748196934423,3.97968251834225e-07,TRUE,TRUE,2.72545993426878
"Rpn1","ENSMUSG00000030062",-0.121390473023136,0.116423680954015,0.00961274282505304,0.932054556589678,FALSE,FALSE,0.121390473023136
"Rps6ka3","ENSMUSG00000031309",-0.134277815358757,0.221123342294236,-0.293149784057851,0.00171234156687023,FALSE,TRUE,0.293149784057851
"Rps9","ENSMUSG00000006333",0.124071989835286,0.247530906743832,0.0712281948586156,0.55125408031309,FALSE,FALSE,0.124071989835286
"Rpusd4","ENSMUSG00000032044",-0.179282853185696,0.204067052817886,0.111293293459602,0.476293736612984,FALSE,FALSE,0.179282853185696
"Rragb","ENSMUSG00000041658",-0.400654135392081,0.0655080640671236,-0.240521048511598,0.306272173358405,FALSE,FALSE,0.400654135392081
"Rragc","ENSMUSG00000028646",0.119031715561468,0.132823535272851,-0.0355573458397428,0.721770228987326,FALSE,FALSE,0.119031715561468
"Rrm2","ENSMUSG00000020649",2.90284945612143,7.71805597021404e-24,2.69323396880403,3.94392705697041e-21,TRUE,TRUE,2.90284945612143
"Rrp9","ENSMUSG00000041506",0.10297673259951,0.33482342215648,0.143329816189124,0.146285508681476,FALSE,FALSE,0.143329816189124
"Runx1t1","ENSMUSG00000006586",0.290880100403496,0.43397456598409,-0.155222259667199,0.702975949428414,FALSE,FALSE,0.290880100403496
"Rusc2","ENSMUSG00000035969",0.176754498930322,0.264092565635363,0.516027022554134,6.15111247723246e-05,FALSE,TRUE,0.516027022554134
"S100a2","ENSMUSG00000094018",NA,NA,NA,NA,FALSE,FALSE,NA
"S100a6","ENSMUSG00000001025",1.16333886541583,2.86109188361642e-09,1.02445774924751,2.24774067274985e-07,TRUE,TRUE,1.16333886541583
"Sae1","ENSMUSG00000052833",0.0494390891469449,0.604310700307483,-0.125666308231547,0.0973044556720472,FALSE,FALSE,0.125666308231547
"Samd4","ENSMUSG00000021838",0.105566501852512,0.737690524052408,0.106437665043466,0.723837873134825,FALSE,FALSE,0.106437665043466
"Sbno1","ENSMUSG00000038095",-0.111041975009409,0.12001426361576,-0.225721634884818,0.000314693049547788,FALSE,TRUE,0.225721634884818
"Sc5d","ENSMUSG00000032018",-0.445489721289136,8.31042748385037e-09,-0.387410776401938,7.95914350082831e-07,TRUE,TRUE,0.445489721289136
"Scaf11","ENSMUSG00000033228",-0.148628016016942,0.00917112156075575,-0.213750769694996,8.06061721051457e-05,TRUE,TRUE,0.213750769694996
"Scamp4","ENSMUSG00000113949",-1.02385688530341,0.414099978630478,-1.09187364438173,0.449679420014799,FALSE,FALSE,1.09187364438173
"Scamp5","ENSMUSG00000040722",1.24791822059645,1.46233441634375e-07,0.807742503990305,0.00105057429847391,TRUE,TRUE,1.24791822059645
"Scg5","ENSMUSG00000023236",0.105038017225966,0.956448842479665,0.880159810877975,0.573168337956364,FALSE,FALSE,0.880159810877975
"Sdad1","ENSMUSG00000029415",0.0206152474139497,0.884671253149438,-0.027540206248875,0.833435243024621,FALSE,FALSE,0.027540206248875
"Sde2","ENSMUSG00000038806",0.0510700066614992,0.729774591860066,0.0293691435160365,0.848634099676751,FALSE,FALSE,0.0510700066614992
"Sdf2l1","ENSMUSG00000022769",2.70072306770629,7.85377712102212e-38,2.19378323035241,3.68796936302037e-27,TRUE,TRUE,2.70072306770629
"Sdhc","ENSMUSG00000058076",0.0752580034603896,0.427185812561136,0.0698307948106886,0.459338198532593,FALSE,FALSE,0.0752580034603896
"Sec11a","ENSMUSG00000025724",0.231406702740603,0.0293372930932516,0.340866587818829,0.000721256354527212,TRUE,TRUE,0.340866587818829
"Sec11c","ENSMUSG00000024516",0.820972404921253,4.07417959611706e-15,0.737909099180623,1.74631148722809e-12,TRUE,TRUE,0.820972404921253
"Sec14l1","ENSMUSG00000020823",0.0155073890876326,0.938469940113133,-0.0729814701924482,0.671765842268649,FALSE,FALSE,0.0729814701924482
"Sema6b","ENSMUSG00000001227",0.0427288340198287,0.90962317010078,-0.32555327482159,0.255001420067176,FALSE,FALSE,0.32555327482159
"Septin9","ENSMUSG00000059248",0.41326478564498,0.000421269844441898,0.420354231118253,0.000357734482197205,TRUE,TRUE,0.420354231118253
"Serf2","ENSMUSG00000074884",0.155577603590522,0.0400587036469366,0.164390523529507,0.0277606890403465,TRUE,TRUE,0.164390523529507
"Serp1","ENSMUSG00000027808",0.794095965796369,4.06334459485485e-25,0.541975703139109,3.71246024186298e-12,TRUE,TRUE,0.794095965796369
"Serpine1","ENSMUSG00000037411",1.30248662178862,0.00915043745217596,1.50125392661492,0.00221544802450943,TRUE,TRUE,1.50125392661492
"Serpinh1","ENSMUSG00000070436",0.8109245201281,5.88478805639233e-08,0.617315672830117,6.17257667299659e-05,TRUE,TRUE,0.8109245201281
"Sez6","ENSMUSG00000000632",-0.271120302821955,0.7340758437161,-0.0307009008531556,0.974624998348029,FALSE,FALSE,0.271120302821955
"Sf3b5","ENSMUSG00000078348",0.0381532469545189,0.854579186707651,-0.0629599249905544,0.73826307364853,FALSE,FALSE,0.0629599249905544
"Sgk1","ENSMUSG00000019970",-0.676386843857956,0.000175781397219809,-0.759865413164462,1.86050206086727e-05,TRUE,TRUE,0.759865413164462
"Sgms1","ENSMUSG00000040451",-0.339391359996791,0.00145972367955776,-0.31901535208762,0.00314781756517827,TRUE,TRUE,0.339391359996791
"Sh2d3c","ENSMUSG00000059013",-0.208362549571539,0.485202513422664,-0.318429341675716,0.241979281258842,FALSE,FALSE,0.318429341675716
"Sh2d5","ENSMUSG00000045349",0.98138821115704,0.131718433855907,1.45885515082298,0.0117961694860382,FALSE,TRUE,1.45885515082298
"Sh3bp4","ENSMUSG00000036206",-0.0271459291693446,0.91789673507514,0.11427088053662,0.620946927203155,FALSE,FALSE,0.11427088053662
"Sh3bp5","ENSMUSG00000021892",0.0818678904281342,0.705497539827617,-0.00906396756471086,0.97112283860559,FALSE,FALSE,0.0818678904281342
"Shkbp1","ENSMUSG00000089832",0.270128875847509,0.195052851221887,0.0207643431568182,0.944792197957919,FALSE,FALSE,0.270128875847509
"Shmt2","ENSMUSG00000025403",0.00203085828248974,0.987234719072839,0.0501663073467897,0.620207934679453,FALSE,FALSE,0.0501663073467897
"Shpk","ENSMUSG00000005951",0.273332941879609,0.492014955666664,-0.45640040773423,0.19116639297857,FALSE,FALSE,0.45640040773423
"Sik3","ENSMUSG00000034135",-0.264377073044257,0.000459251316741588,-0.28131837346505,0.000185381461629795,TRUE,TRUE,0.28131837346505
"Sirt1","ENSMUSG00000020063",-0.0341249854933743,0.869763123586582,-0.151334583251437,0.346473112859236,FALSE,FALSE,0.151334583251437
"Skap2","ENSMUSG00000059182",0.517979757919196,5.43887688360001e-06,0.215227655261852,0.105828352192781,TRUE,FALSE,0.517979757919196
"Skic3","ENSMUSG00000033991",-0.154791411809321,0.0702266537904326,-0.207111726796082,0.0101219898958855,FALSE,TRUE,0.207111726796082
"Skil","ENSMUSG00000027660",-0.309913618562031,0.130231436492307,-0.275455410397226,0.188572082813971,FALSE,FALSE,0.309913618562031
"Sla","ENSMUSG00000022372",1.57356734039958,1.24521755300809e-05,0.589060934082428,0.158054909034801,TRUE,FALSE,1.57356734039958
"Slc12a8","ENSMUSG00000035506",1.4627075548667,0.070050215843003,0.461763163909045,0.630234865607217,FALSE,FALSE,1.4627075548667
"Slc16a1","ENSMUSG00000032902",-0.216469967551887,0.281654065344071,-0.162106559584166,0.443756714655541,FALSE,FALSE,0.216469967551887
"Slc16a13","ENSMUSG00000044367",0.052030077589355,0.932950568599859,-0.0201567123937361,0.975438058321101,FALSE,FALSE,0.052030077589355
"Slc16a7","ENSMUSG00000020102",0.842024598494954,0.0285139563637703,0.108614407250424,0.843457042036188,TRUE,FALSE,0.842024598494954
"Slc1a4","ENSMUSG00000020142",1.36674201768769,4.15497495790997e-05,1.43270271199014,1.37359505677546e-05,TRUE,TRUE,1.43270271199014
"Slc1a5","ENSMUSG00000001918",0.470658090814421,0.0107744737447672,0.225184941226464,0.300629478389675,TRUE,FALSE,0.470658090814421
"Slc22a5","ENSMUSG00000018900",-0.332290648120592,0.00800510870890939,-0.378554367792914,0.00226640284933453,TRUE,TRUE,0.378554367792914
"Slc25a13","ENSMUSG00000015112",0.358080941167345,0.340665467415642,0.00748060222602435,0.987997648256624,FALSE,FALSE,0.358080941167345
"Slc25a16","ENSMUSG00000071253",-0.284682787731832,0.00210827420983106,-0.440469823383557,4.65369128802764e-07,TRUE,TRUE,0.440469823383557
"Slc25a32","ENSMUSG00000022299",-0.165203936645128,0.105215261184184,-0.179956953063847,0.0735278444101675,FALSE,FALSE,0.179956953063847
"Slc25a33","ENSMUSG00000028982",0.0405560173944446,0.910669442980273,-0.392683519070827,0.114950390796927,FALSE,FALSE,0.392683519070827
"Slc25a38","ENSMUSG00000032519",0.0708590572284922,0.602265601160136,0.251161018975988,0.015085036535836,FALSE,TRUE,0.251161018975988
"Slc25a45","ENSMUSG00000024818",0.771064398961715,0.000223905628073622,0.550646017139239,0.0134119357510211,TRUE,TRUE,0.771064398961715
"Slc25a46","ENSMUSG00000024259",-0.0648012821150801,0.38325382045118,-0.0411964800079042,0.604495974260068,FALSE,FALSE,0.0648012821150801
"Slc2a1","ENSMUSG00000028645",0.558755335716888,0.00464460593024472,0.870277768932226,3.05767838541615e-06,TRUE,TRUE,0.870277768932226
"Slc2a13","ENSMUSG00000036298",0.204252078925173,0.730633612812069,0.445041218984818,0.389029269583053,FALSE,FALSE,0.445041218984818
"Slc2a3","ENSMUSG00000003153",-1.76550432756694,1.5455670438214e-11,-1.95907897638385,4.3227869099746e-14,TRUE,TRUE,1.95907897638385
"Slc33a1","ENSMUSG00000027822",0.647557756729955,4.3675169490632e-07,0.542510352869057,2.70829747997588e-05,TRUE,TRUE,0.647557756729955
"Slc35a5","ENSMUSG00000022664",0.012674457685411,0.948066366868347,0.0112560896175112,0.956800708675269,FALSE,FALSE,0.012674457685411
"Slc35b2","ENSMUSG00000037089",0.195778861381485,0.0183371395687912,0.0736487584799203,0.466131724755676,TRUE,FALSE,0.195778861381485
"Slc35e3","ENSMUSG00000060181",0.275136909131656,0.0160242104034042,0.325120720772086,0.00419613742816899,TRUE,TRUE,0.325120720772086
"Slc35f6","ENSMUSG00000029175",0.221233056113921,0.00641521900887238,0.174176396723879,0.0387534182295717,TRUE,TRUE,0.221233056113921
"Slc36a1","ENSMUSG00000020261",-0.0289783063439983,0.905234928245927,-0.195049182244681,0.274324317813458,FALSE,FALSE,0.195049182244681
"Slc37a4","ENSMUSG00000032114",-1.03977474054351,1.24888200865079e-12,-1.19212225638705,1.97400447726244e-16,TRUE,TRUE,1.19212225638705
"Slc38a2","ENSMUSG00000022462",-0.591016829439714,0.0954585422150498,-0.52826939381682,0.143863302928784,FALSE,FALSE,0.591016829439714
"Slc38a6","ENSMUSG00000044712",0.315694874889764,0.0254683649238595,0.0916747497938234,0.615412889664059,TRUE,FALSE,0.315694874889764
"Slc38a7","ENSMUSG00000036534",-0.170952132159711,0.222859841106105,-0.301914663265009,0.0163464696236134,FALSE,TRUE,0.301914663265009
"Slc3a2","ENSMUSG00000010095",0.00590806189890405,0.969959106635262,-0.102021922041832,0.389786449504091,FALSE,FALSE,0.102021922041832
"Slc48a1","ENSMUSG00000081534",0.0343524868204478,0.774871401707127,-0.0445150096289952,0.68539443143406,FALSE,FALSE,0.0445150096289952
"Slc49a4","ENSMUSG00000022848",-0.155041009152817,0.0654724960723435,-0.215332843023355,0.00639683647449035,FALSE,TRUE,0.215332843023355
"Slc66a1","ENSMUSG00000028744",-0.249416189380255,0.0450215844452379,-0.269275981174916,0.0291361103834849,TRUE,TRUE,0.269275981174916
"Slc6a12","ENSMUSG00000030109",2.58723835816337,0.00218941716518572,0.928130659565867,0.225074961441693,TRUE,FALSE,2.58723835816337
"Slc6a6","ENSMUSG00000030096",-0.19310141525371,0.132401364983172,-0.0935456215441788,0.530826039042079,FALSE,FALSE,0.19310141525371
"Slc7a11","ENSMUSG00000027737",3.15245790445648,6.79791888835328e-08,2.29855746651315,3.80637412417576e-05,TRUE,TRUE,3.15245790445648
"Slc7a5","ENSMUSG00000040010",1.59951726123088,2.42993833474064e-10,1.25518058310686,1.37459521829475e-06,TRUE,TRUE,1.59951726123088
"Slc7a8","ENSMUSG00000022180",-0.46386509532865,0.137458053037485,-0.335664610574099,0.318391179962656,FALSE,FALSE,0.46386509532865
"Slmap","ENSMUSG00000021870",-0.136001302924033,0.166166714407381,-0.116285304246884,0.248201086312308,FALSE,FALSE,0.136001302924033
"Smad1","ENSMUSG00000031681",0.143120075729621,0.271810179660267,0.493405437787763,2.84039999115071e-06,FALSE,TRUE,0.493405437787763
"Smad3","ENSMUSG00000032402",-0.817055201250522,2.01724277472299e-07,-0.862680510224295,3.32017739941229e-08,TRUE,TRUE,0.862680510224295
"Smad6","ENSMUSG00000036867",-0.15477064943351,0.626248670630097,-0.0876603325809698,0.79046244485756,FALSE,FALSE,0.15477064943351
"Smcr8","ENSMUSG00000049323",-0.356810311360686,1.9895642520948e-06,-0.361554215832292,1.5649566967503e-06,TRUE,TRUE,0.361554215832292
"Smim27","ENSMUSG00000028407",0.109913558497256,0.664642714210625,-0.328932550872664,0.0904568439537153,FALSE,FALSE,0.328932550872664
"Smndc1","ENSMUSG00000025024",-0.0369954427559905,0.799014480142235,0.0918510496069407,0.44455653392963,FALSE,FALSE,0.0918510496069407
"Smyd5","ENSMUSG00000033706",0.31440910347501,0.000378710655913128,0.270159304437716,0.00297179251241773,TRUE,TRUE,0.31440910347501
"Snhg7","ENSMUSG00000120369",0.439537283707398,0.0177535300659528,0.524010415629413,0.00350528637748643,TRUE,TRUE,0.524010415629413
"Snip1","ENSMUSG00000050213",0.115156136537708,0.490101449590786,0.0395745903954908,0.835681373415347,FALSE,FALSE,0.115156136537708
"Snrpe","ENSMUSG00000090553",0.127490823808153,0.454336744935422,0.17167911865722,0.270541010920757,FALSE,FALSE,0.17167911865722
"Snx13","ENSMUSG00000020590",-0.132541525484,0.106162033169885,-0.0680791836562521,0.470953305214253,FALSE,FALSE,0.132541525484
"Snx16","ENSMUSG00000027534",0.0292384325873134,0.904220786749483,-0.175343932079244,0.329048326111239,FALSE,FALSE,0.175343932079244
"Snx2","ENSMUSG00000034484",0.179178082746385,0.0599405296450149,-0.0099492162389491,0.945726967804664,FALSE,FALSE,0.179178082746385
"Snx8","ENSMUSG00000029560",0.165865002449987,0.178802991875798,0.0676272804718556,0.646801535665421,FALSE,FALSE,0.165865002449987
"Sorbs1","ENSMUSG00000025006",0.0148788264918483,0.967533804242187,0.436555901426759,0.0647309470848481,FALSE,FALSE,0.436555901426759
"Sord","ENSMUSG00000027227",-0.646896193406268,1.91119895213462e-09,-0.610318179252581,1.68298081712905e-08,TRUE,TRUE,0.646896193406268
"Sp140","ENSMUSG00000070031",0.939027582480672,0.00820316460926184,0.631609626804215,0.0976565817724234,TRUE,FALSE,0.939027582480672
"Spart","ENSMUSG00000036580",0.23486492549278,0.000104197476758211,0.321930196866095,3.00902514682135e-08,TRUE,TRUE,0.321930196866095
"Spats2","ENSMUSG00000051934",-0.377020723136803,0.0224803020150682,-0.406477974120273,0.0126462686599128,TRUE,TRUE,0.406477974120273
"Spg11","ENSMUSG00000033396",-0.133498572772888,0.31887663583534,0.22347317859125,0.0659578081706973,FALSE,FALSE,0.22347317859125
"Spg7","ENSMUSG00000000738",-0.460734617636195,2.62706758485284e-12,-0.394718136727129,3.16879619263384e-09,TRUE,TRUE,0.460734617636195
"Sphk1","ENSMUSG00000061878",0.652078599455596,0.11175789942274,1.22104796662872,0.00407992723609438,FALSE,TRUE,1.22104796662872
"Spns1","ENSMUSG00000030741",-0.0267876484877849,0.83575432411768,-0.139726414505921,0.138110440859197,FALSE,FALSE,0.139726414505921
"Spocd1","ENSMUSG00000028784",0.833882860383598,0.323603074879617,-0.248205964362043,0.782640033812545,FALSE,FALSE,0.833882860383598
"Sppl3","ENSMUSG00000029550",-0.149769117380339,0.0391026556968943,-0.212597823481593,0.00178823857437264,TRUE,TRUE,0.212597823481593
"Spry2","ENSMUSG00000022114",0.340699963820163,0.058275296780236,0.305298690930034,0.0959758433556635,FALSE,FALSE,0.340699963820163
"Sqle","ENSMUSG00000022351",1.63059726418215,0.00245609145072132,1.22069362185156,0.0213258516930058,TRUE,TRUE,1.63059726418215
"Sqstm1","ENSMUSG00000015837",0.383607064091352,0.000341171827256242,0.34433110833215,0.00154660222805917,TRUE,TRUE,0.383607064091352
"Srd5a1","ENSMUSG00000021594",0.413759338730096,0.594593389627534,-0.0556627551008497,0.95197991786597,FALSE,FALSE,0.413759338730096
"Srgap2","ENSMUSG00000026425",-0.161849883450913,0.380842989388986,-0.151989542613265,0.416353744991173,FALSE,FALSE,0.161849883450913
"Srgap3","ENSMUSG00000030257",1.37091787880678,2.34223723939157e-05,2.64357946849404,1.10335867017649e-16,TRUE,TRUE,2.64357946849404
"Srrd","ENSMUSG00000029346",0.202121132791758,0.250981212491449,0.155043774577484,0.408783996315744,FALSE,FALSE,0.202121132791758
"Srrm1","ENSMUSG00000028809",-0.122642693214733,0.075997236172397,-0.124544178997276,0.0712901984505324,FALSE,FALSE,0.124544178997276
"Srsf2","ENSMUSG00000034120",-0.0876264579284121,0.542645826814503,-0.152338862796188,0.220892614958166,FALSE,FALSE,0.152338862796188
"Ssbp3","ENSMUSG00000061887",-0.130793171538987,0.158373309837057,-0.117407259415102,0.219437515665113,FALSE,FALSE,0.130793171538987
"Ssh1","ENSMUSG00000042121",-0.0697728289711673,0.703735324852532,0.0678636088657647,0.702234295113715,FALSE,FALSE,0.0697728289711673
"Ssr1","ENSMUSG00000021427",0.651603833044815,6.53084248331601e-19,0.59926530174001,3.92943787984995e-16,TRUE,TRUE,0.651603833044815
"Ssr3","ENSMUSG00000027828",0.532051366707054,8.85531577352768e-07,0.648775732361476,9.85441303217611e-10,TRUE,TRUE,0.648775732361476
"Sstr5","ENSMUSG00000050824",3.53650770141445,0.0384285368149868,3.88324668780121,0.0185270879031316,TRUE,TRUE,3.88324668780121
"St13","ENSMUSG00000022403",-0.00105344258987308,0.993383791398418,0.0307372799868685,0.772117025325005,FALSE,FALSE,0.0307372799868685
"St3gal6","ENSMUSG00000022747",-0.297575909004657,0.0057567509211795,-0.329819108570462,0.00183914681697651,TRUE,TRUE,0.329819108570462
"Stab1","ENSMUSG00000042286",0.536016228531562,0.00101678009318854,0.126405187114423,0.563866649470054,TRUE,FALSE,0.536016228531562
"Stard4","ENSMUSG00000024378",0.022208967346689,0.947769450103393,0.11149440535391,0.695647230839892,FALSE,FALSE,0.11149440535391
"Stat1","ENSMUSG00000026104",0.139456850056382,0.416948300174207,0.135269193004018,0.422418634664452,FALSE,FALSE,0.139456850056382
"Stat3","ENSMUSG00000004040",0.299265790608656,0.000173488103153358,0.393721028555206,3.7315147857338e-07,TRUE,TRUE,0.393721028555206
"Stat6","ENSMUSG00000002147",0.0957399872997985,0.477335112271423,0.00476853992829603,0.978144848873727,FALSE,FALSE,0.0957399872997985
"Stc1","ENSMUSG00000014813",-0.306669262772052,0.627754849679885,-0.34193372296375,0.596135698658706,FALSE,FALSE,0.34193372296375
"Sting1","ENSMUSG00000024349",0.679617990839321,0.00507085223527784,0.606450555112519,0.0132037862030285,TRUE,TRUE,0.679617990839321
"Stip1","ENSMUSG00000024966",-0.0907508849389155,0.488900944075802,-0.0482642885937837,0.732971630655889,FALSE,FALSE,0.0907508849389155
"Stk10","ENSMUSG00000020272",0.165620248207758,0.451739154969306,-0.11881506658543,0.607536815840985,FALSE,FALSE,0.165620248207758
"Stk4","ENSMUSG00000018209",0.154873654384902,0.121748568421885,0.127100092079671,0.220457998702001,FALSE,FALSE,0.154873654384902
"Stmn1","ENSMUSG00000028832",1.41553210241335,5.43349561844175e-05,0.69702939899223,0.0862394422782498,TRUE,FALSE,1.41553210241335
"Strada","ENSMUSG00000069631",-0.0547465019506707,0.772726787808957,0.0376488190437877,0.843691971072387,FALSE,FALSE,0.0547465019506707
"Stradb","ENSMUSG00000026027",-0.180343522219744,0.00290248312774133,-0.352733313774958,2.3879321863114e-10,TRUE,TRUE,0.352733313774958
"Stx4a","ENSMUSG00000030805",-0.128181161429315,0.157959013816184,-0.0943419813210466,0.330135615942987,FALSE,FALSE,0.128181161429315
"Stx6","ENSMUSG00000026470",-0.0726718405441454,0.65854833260084,0.0106719801622326,0.956507089309201,FALSE,FALSE,0.0726718405441454
"Sub1","ENSMUSG00000022205",-0.260213847614964,0.0191646608455566,-0.327191960469704,0.00214215519545454,TRUE,TRUE,0.327191960469704
"Sumf1","ENSMUSG00000030101",0.0566014298785969,0.740391796091602,-0.0197448239608094,0.915313359687608,FALSE,FALSE,0.0566014298785969
"Supv3l1","ENSMUSG00000020079",-0.240945955023832,0.00066291155014767,-0.196366785696534,0.00717135549802386,TRUE,TRUE,0.240945955023832
"Susd1","ENSMUSG00000038578",1.63868589318702,0.00249000305781233,0.322596700349264,0.617491377442388,TRUE,FALSE,1.63868589318702
"Swap70","ENSMUSG00000031015",0.118376943124293,0.501891734195821,-0.167412476727942,0.298155592722697,FALSE,FALSE,0.167412476727942
"Syncrip","ENSMUSG00000032423",-0.247874378859679,0.000146177980932994,-0.263918361129308,4.32779243706596e-05,TRUE,TRUE,0.263918361129308
"Synj2","ENSMUSG00000023805",-0.235024699713782,0.413699713793929,-0.649918460764928,0.00465828745279584,FALSE,TRUE,0.649918460764928
"Synrg","ENSMUSG00000034940",-0.133186581439164,0.115069962289741,-0.176042850428155,0.0268541808252392,FALSE,TRUE,0.176042850428155
"Sytl2","ENSMUSG00000030616",0.892547479654461,0.00164470045502987,1.10241966272936,5.40382026710747e-05,TRUE,TRUE,1.10241966272936
"Tacc3","ENSMUSG00000037313",0.229660336399403,0.347938548075493,0.17960114004819,0.490111642609165,FALSE,FALSE,0.229660336399403
"Tada1","ENSMUSG00000026563",-0.308607638477977,0.0126486763380237,-0.133529928752233,0.359640390192092,TRUE,FALSE,0.308607638477977
"Taf4b","ENSMUSG00000054321",-0.123251137678783,0.651946549095598,-0.215446135958942,0.372485974801909,FALSE,FALSE,0.215446135958942
"Taf6l","ENSMUSG00000003680",0.434896374235561,0.00563936231688044,0.0521153054840258,0.818365038543528,TRUE,FALSE,0.434896374235561
"Tamalin","ENSMUSG00000000531",0.125225884663866,0.643400904970831,0.0105868771939263,0.974602547864804,FALSE,FALSE,0.125225884663866
"Tbc1d13","ENSMUSG00000039678",0.0756465504763637,0.560741633412502,-0.116004470339078,0.313546944576836,FALSE,FALSE,0.116004470339078
"Tbc1d15","ENSMUSG00000020130",-0.0182746444854407,0.893359352742295,0.0609220330676197,0.58183879040884,FALSE,FALSE,0.0609220330676197
"Tbc1d17","ENSMUSG00000038520",-0.0876887771642723,0.535298710309402,-0.217898595036782,0.0551531133303548,FALSE,FALSE,0.217898595036782
"Tbc1d5","ENSMUSG00000023923",-0.195205544790187,0.0520011225721678,-0.260546674061966,0.00593776193756088,FALSE,TRUE,0.260546674061966
"Tbc1d8","ENSMUSG00000003134",-0.518828043495826,2.81362423747225e-05,-0.464156883137835,0.000238319858256707,TRUE,TRUE,0.518828043495826
"Tbc1d9","ENSMUSG00000031709",0.498593467294864,0.113112160138768,0.433240656597632,0.18994317026822,FALSE,FALSE,0.498593467294864
"Tbcel","ENSMUSG00000037287",0.470789354860608,1.78565506040681e-08,0.401638948063023,2.08355968937716e-06,TRUE,TRUE,0.470789354860608
"Tbk1","ENSMUSG00000020115",-0.0803621524629397,0.44671890145065,-0.145836741622146,0.11218616252784,FALSE,FALSE,0.145836741622146
"Tbl1x","ENSMUSG00000025246",-0.157177168085246,0.244689257325783,-0.151298197404681,0.262898993980535,FALSE,FALSE,0.157177168085246
"Tbx15","ENSMUSG00000027868",-0.282961449874438,0.00453294747893432,-0.260708676822495,0.00991521584747084,TRUE,TRUE,0.282961449874438
"Tcea1","ENSMUSG00000033813",0.0992083370815656,0.282713992213498,-0.0177820394047809,0.883245110666054,FALSE,FALSE,0.0992083370815656
"Tcf12","ENSMUSG00000032228",0.138134851468031,0.26142143028341,0.097608677645424,0.457066481355102,FALSE,FALSE,0.138134851468031
"Tcf4","ENSMUSG00000053477",-0.0882311747259635,0.288131597344702,-0.172216077048362,0.0168064300720037,FALSE,TRUE,0.172216077048362
"Tdp2","ENSMUSG00000035958",-0.127313062872315,0.339921290892373,-0.0975236608629836,0.486176211869118,FALSE,FALSE,0.127313062872315
"Tes","ENSMUSG00000029552",-0.0424915710252445,0.930267907850449,0.575669753736031,0.094426535992783,FALSE,FALSE,0.575669753736031
"Tex10","ENSMUSG00000028345",-0.113502277139379,0.406241819006069,-0.0883616273952385,0.530368078193248,FALSE,FALSE,0.113502277139379
"Tfb1m","ENSMUSG00000036983",0.166688888946529,0.251614438416984,0.272051982343515,0.040730480130057,FALSE,TRUE,0.272051982343515
"Tfrc","ENSMUSG00000022797",0.23688279928206,0.601192383253757,0.402100131849905,0.306470277191516,FALSE,FALSE,0.402100131849905
"Tg","ENSMUSG00000053469",-0.511354020199382,0.664762069119991,0.660986754077848,0.565634140821805,FALSE,FALSE,0.660986754077848
"Tgfbi","ENSMUSG00000035493",0.653946858130819,0.000272159913867925,0.334102553895619,0.0998180074336751,TRUE,FALSE,0.653946858130819
"Tgfbr2","ENSMUSG00000032440",-0.0272337943598005,0.896206344703174,-0.122997338449744,0.443525197560513,FALSE,FALSE,0.122997338449744
"Thap6","ENSMUSG00000121865",0.309064069832635,0.698017495962193,-0.184722552120591,0.819819698954022,FALSE,FALSE,0.309064069832635
"1700020L13Rik","ENSMUSG00000121875",-0.117961629069002,0.931359234209037,0.289857631092608,0.846443825394245,FALSE,FALSE,0.289857631092608
"Thnsl1","ENSMUSG00000048550",-0.358601940505003,0.108614788434047,-0.333454655874841,0.138208663161318,FALSE,FALSE,0.358601940505003
"Thumpd3","ENSMUSG00000030264",0.137700465783608,0.140063067848804,0.235168170010621,0.00577670961001587,FALSE,TRUE,0.235168170010621
"Timm13","ENSMUSG00000020219",-0.031235325147446,0.831393480692825,-0.113315345146497,0.323596863828053,FALSE,FALSE,0.113315345146497
"Tinagl1","ENSMUSG00000028776",-0.0397374312411862,0.939373563548079,-0.286919328603404,0.494364730497373,FALSE,FALSE,0.286919328603404
"Tlcd3a","ENSMUSG00000069808",0.361271376814352,0.1421905448185,0.347587779877057,0.176724587124136,FALSE,FALSE,0.361271376814352
"Tlr4","ENSMUSG00000039005",1.16537649504828,1.11225175952647e-12,1.84255461247057,9.51964620703128e-29,TRUE,TRUE,1.84255461247057
"Tm7sf2","ENSMUSG00000024799",-0.260832567033099,0.13989468689048,-0.149721603743761,0.451813596164474,FALSE,FALSE,0.260832567033099
"Tm9sf3","ENSMUSG00000025016",0.0570687950632855,0.463884400679112,-0.0679130900737383,0.355103489498136,FALSE,FALSE,0.0679130900737383
"Tmc6","ENSMUSG00000025572",0.262357982447357,0.0865934274666769,0.337992437527214,0.0208863725518563,FALSE,TRUE,0.337992437527214
"Tmc8","ENSMUSG00000050106",0.13688322294644,0.803034804379852,-0.186230991083215,0.706162986610493,FALSE,FALSE,0.186230991083215
"Tmcc3","ENSMUSG00000020023",-0.263340916821948,0.00532975408234829,-0.22671281951594,0.0203410686050015,TRUE,TRUE,0.263340916821948
"Tmem116","ENSMUSG00000029452",0.429081788315283,0.123177589042403,0.163890193838263,0.621277254960378,FALSE,FALSE,0.429081788315283
"Tmem126b","ENSMUSG00000030614",-0.276347581431103,0.000724412785180637,-0.242407022848796,0.00362355939691572,TRUE,TRUE,0.276347581431103
"Tmem161b","ENSMUSG00000035762",-0.252665315161349,0.0581858334091731,-0.296461306700403,0.0216500157255691,FALSE,TRUE,0.296461306700403
"Tmem17","ENSMUSG00000049904",-0.127993204950694,0.594688503692634,-0.304626073009691,0.11209523575368,FALSE,FALSE,0.304626073009691
"Tmem232","ENSMUSG00000045036",0.735825908017678,0.419069285931537,1.16916514409273,0.185293088279953,FALSE,FALSE,1.16916514409273
"Tmem241","ENSMUSG00000049411",-0.0817121455997158,0.760666581353885,0.0849090295091686,0.734204848474254,FALSE,FALSE,0.0849090295091686
"Tmem273","ENSMUSG00000041707",0.54012518534642,0.61438705205691,0.184028982651523,0.88222934167631,FALSE,FALSE,0.54012518534642
"Tmem97","ENSMUSG00000037278",0.578363311162317,0.00935515758888374,0.792583761299134,0.000182717314718484,TRUE,TRUE,0.792583761299134
"Tnfaip3","ENSMUSG00000019850",0.644082392825815,0.0063410288897348,0.255224056351878,0.365735978032137,TRUE,FALSE,0.644082392825815
"Tnfrsf14","ENSMUSG00000042333",0.246957572605208,0.548406440347767,0.482824088172823,0.173001931377752,FALSE,FALSE,0.482824088172823
"Tnks2","ENSMUSG00000024811",-0.371342235738374,8.98992002271491e-10,-0.363784873089201,1.82591435113192e-09,TRUE,TRUE,0.371342235738374
"Tnpo2","ENSMUSG00000031691",-0.0264327637482216,0.828954592941266,-0.14244289351023,0.10427209932985,FALSE,FALSE,0.14244289351023
"Tnrc6b","ENSMUSG00000047888",-0.315492493030012,0.0164598808204427,-0.406150318679944,0.00124845176297723,TRUE,TRUE,0.406150318679944
"Tns1","ENSMUSG00000055322",-0.52440044422962,5.93088561505529e-06,-0.200589832792187,0.140987474139458,TRUE,FALSE,0.52440044422962
"Tomm20","ENSMUSG00000093904",-0.10977501043496,0.161886919226218,-0.157991854925746,0.0287795637215178,FALSE,TRUE,0.157991854925746
"Tomm40","ENSMUSG00000002984",0.0761843287663241,0.442468244409771,-0.0452415121215293,0.671359731735775,FALSE,FALSE,0.0761843287663241
"Top1mt","ENSMUSG00000000934",-0.216632155303439,0.0545241556458354,-0.232247451064476,0.0355946428735913,FALSE,TRUE,0.232247451064476
"Top3a","ENSMUSG00000002814",-0.176917955464844,0.224882375638003,0.0443844183512552,0.813179102697557,FALSE,FALSE,0.176917955464844
"Tpi1","ENSMUSG00000023456",-0.0160536502535748,0.924287376689813,-0.123550094074337,0.330727640944353,FALSE,FALSE,0.123550094074337
"Tpm3","ENSMUSG00000027940",0.338756729166258,0.357616598266985,0.377710120192761,0.284719107403074,FALSE,FALSE,0.377710120192761
"Tpp1","ENSMUSG00000030894",-0.401647140350766,2.05349399058752e-14,-0.446949935899358,1.57934556437391e-17,TRUE,TRUE,0.446949935899358
"Tpra1","ENSMUSG00000002871",-0.0693462876993806,0.848772345448444,0.0548154775829452,0.881066424662539,FALSE,FALSE,0.0693462876993806
"Tprg1l","ENSMUSG00000029030",-0.0506027219846705,0.521989199153808,-0.0995183257359895,0.13555645857161,FALSE,FALSE,0.0995183257359895
"Traf5","ENSMUSG00000026637",0.737850505168635,0.000504363898539643,1.02921048028322,2.71865093717818e-07,TRUE,TRUE,1.02921048028322
"Trak2","ENSMUSG00000026028",-0.0401151410963894,0.718535436467733,-0.11370860107445,0.191213405021073,FALSE,FALSE,0.11370860107445
"Trappc2l","ENSMUSG00000015013",0.0809009263498985,0.602514070109856,-0.00127187927453637,0.994433406052879,FALSE,FALSE,0.0809009263498985
"Trappc8","ENSMUSG00000033382",-0.306874062419036,3.62854198874788e-05,-0.256429234027747,0.000756817991185316,TRUE,TRUE,0.306874062419036
"Trib1","ENSMUSG00000032501",0.562751433734454,0.0165215068990585,-0.0126006898943654,0.973797094469678,TRUE,FALSE,0.562751433734454
"Trib3","ENSMUSG00000032715",2.10890306530454,7.12286432753569e-18,1.87349159366807,1.44566995319826e-13,TRUE,TRUE,2.10890306530454
"Trim25","ENSMUSG00000000275",0.0439698023312584,0.789574070636199,0.0976479117492167,0.486791251320931,FALSE,FALSE,0.0976479117492167
"Trim37","ENSMUSG00000018548",-0.00363433575316734,0.985096194945562,-0.358775682112563,0.00194859034966696,FALSE,TRUE,0.358775682112563
"Trim47","ENSMUSG00000020773",0.774081397855187,1.92683553370984e-06,0.976395224118842,2.08038443881991e-09,TRUE,TRUE,0.976395224118842
"Trip6","ENSMUSG00000023348",0.481437304503706,0.00276696669497397,0.197034628648504,0.330201959501409,TRUE,FALSE,0.481437304503706
"Trmt112","ENSMUSG00000038812",0.00324676284963852,0.984872694042795,0.0655904029173549,0.632466253362286,FALSE,FALSE,0.0655904029173549
"Trmt5","ENSMUSG00000034442",-0.201026761870348,0.16174732675392,-0.0675472462549235,0.699417940313117,FALSE,FALSE,0.201026761870348
"Trpc4ap","ENSMUSG00000038324",-0.0109289442015363,0.901182731553432,-0.0343581348887206,0.638111870685269,FALSE,FALSE,0.0343581348887206
"Trpm1","ENSMUSG00000030523",0.618163991028746,0.217675650585674,0.0585584267537704,0.931621666719227,FALSE,FALSE,0.618163991028746
"Trpm7","ENSMUSG00000027365",-0.480289807844494,0.000111532078640408,-0.673893012822304,1.85047803571239e-08,TRUE,TRUE,0.673893012822304
"Trpv2","ENSMUSG00000018507",0.472293412074302,0.111879105483685,0.71321759208894,0.0138139507805898,FALSE,TRUE,0.71321759208894
"Tsc1","ENSMUSG00000026812",-0.151455647390101,0.0566972219029008,-0.18531507759109,0.0151313968367398,FALSE,TRUE,0.18531507759109
"Tsga10","ENSMUSG00000060771",-0.301326828091309,0.0684217780834869,-0.130494437698144,0.512896676279357,FALSE,FALSE,0.301326828091309
"Tshz1","ENSMUSG00000046982",-0.376203184097119,0.0040915786666955,-0.336904989793711,0.0109116603793125,TRUE,TRUE,0.376203184097119
"Tspan4","ENSMUSG00000025511",0.346124899407244,0.131596595004579,-0.252422483490375,0.312354959705695,FALSE,FALSE,0.346124899407244
"Tsr2","ENSMUSG00000025264",-0.191006352465419,0.0879254301629483,-0.318209101777618,0.00127785668978325,FALSE,TRUE,0.318209101777618
"Tsr3","ENSMUSG00000015126",0.120571092213502,0.403396071669187,0.0301734795305791,0.863030540392351,FALSE,FALSE,0.120571092213502
"Tuba1b","ENSMUSG00000023004",1.09269076231652,2.85081814729285e-09,0.701897324348032,0.000191303036066902,TRUE,TRUE,1.09269076231652
"Tuba4a","ENSMUSG00000026202",-0.0220795439627247,0.908625258627772,-0.0402330519942308,0.818982486893965,FALSE,FALSE,0.0402330519942308
"Tubb4a","ENSMUSG00000062591",0.022728175374612,0.9644024116043,-0.366657371904052,0.314146440974345,FALSE,FALSE,0.366657371904052
"Tubb4b","ENSMUSG00000036752",0.507536240147259,0.000922394283511053,0.476672146842188,0.00202733955237617,TRUE,TRUE,0.507536240147259
"Tubb6","ENSMUSG00000001473",1.89902427154295,2.1671326804666e-07,2.40202305373077,2.26529788309076e-11,TRUE,TRUE,2.40202305373077
"Tubg1","ENSMUSG00000035198",-0.401162491839668,1.35454175588607e-07,-0.323844083855158,3.19512945021578e-05,TRUE,TRUE,0.401162491839668
"Tut1","ENSMUSG00000071645",0.00661561399298516,0.968152674796546,-0.030529774277724,0.840634523219549,FALSE,FALSE,0.030529774277724
"Txnl1","ENSMUSG00000024583",0.0673137047171461,0.599251722878733,0.118768664887485,0.28056788890578,FALSE,FALSE,0.118768664887485
"Txnrd1","ENSMUSG00000020250",-0.202385659629949,0.0391026556968943,-0.185039870021222,0.0632540101265718,TRUE,FALSE,0.202385659629949
"Txnrd2","ENSMUSG00000075704",-0.340318337750562,0.00216664244183195,-0.407962398658422,0.000178968240148792,TRUE,TRUE,0.407962398658422
"U2surp","ENSMUSG00000032407",-0.235749974925896,0.000270846512169453,-0.267485504378854,2.67735630997944e-05,TRUE,TRUE,0.267485504378854
"Uaca","ENSMUSG00000034485",-0.373479095420826,0.00177948203237733,-0.18148827342377,0.185721178144823,TRUE,FALSE,0.373479095420826
"Uap1l1","ENSMUSG00000026956",1.12239232319236,1.2487982039314e-13,1.15342260436038,4.46781082982789e-14,TRUE,TRUE,1.15342260436038
"Uba52","ENSMUSG00000090137",-0.188194762044668,0.571128151518333,-0.315537510422768,0.273313605127085,FALSE,FALSE,0.315537510422768
"Uba7","ENSMUSG00000032596",0.274164796088821,0.246547281108742,0.220263966145432,0.37169726973746,FALSE,FALSE,0.274164796088821
"Ubap2","ENSMUSG00000028433",0.0187804638366018,0.887070472707727,0.0103937895546581,0.93759340757377,FALSE,FALSE,0.0187804638366018
"Ubap2l","ENSMUSG00000042520",-0.185151438521586,0.00258307039328171,-0.12932236767747,0.0492057710353814,TRUE,TRUE,0.185151438521586
"Ube2b","ENSMUSG00000020390",-0.259135764746829,0.00045452742876131,-0.210769588992517,0.00580128813514575,TRUE,TRUE,0.259135764746829
"Ube2d3","ENSMUSG00000078578",-0.308773305136286,4.47854658868045e-07,-0.2332824351344,0.000228145401884903,TRUE,TRUE,0.308773305136286
"Ube2q1","ENSMUSG00000042572",0.00186279368042397,0.988484268804309,-0.0658058500195992,0.513073132006861,FALSE,FALSE,0.0658058500195992
"Ube2r2","ENSMUSG00000036241",-0.219333661365242,0.000176137740361505,-0.230308963066146,7.17289340057798e-05,TRUE,TRUE,0.230308963066146
"Ube3d","ENSMUSG00000032415",-0.598959840784319,0.0128401395498275,-0.906699745899582,6.09022721132079e-05,TRUE,TRUE,0.906699745899582
"Ube4b","ENSMUSG00000028960",0.0373339711558478,0.689257576049548,-0.00311450371630238,0.977482182243848,FALSE,FALSE,0.0373339711558478
"Ubxn6","ENSMUSG00000019578",-0.162188406885942,0.0444873340708468,-0.160771432169424,0.0466457260606884,TRUE,TRUE,0.162188406885942
"Uchl5","ENSMUSG00000018189",0.215768998118536,0.0369730133482147,0.25059119300191,0.0129299102482963,TRUE,TRUE,0.25059119300191
"Ufm1","ENSMUSG00000027746",0.307075373351441,8.12992459568158e-05,0.339180432732766,1.12157203903742e-05,TRUE,TRUE,0.339180432732766
"Uggt1","ENSMUSG00000037470",0.0909481714350707,0.656730926679707,0.373989434689497,0.0118361286954335,FALSE,TRUE,0.373989434689497
"Ung","ENSMUSG00000029591",-0.338234396597523,0.156370159551878,-0.413945584652966,0.066273800054831,FALSE,FALSE,0.413945584652966
"Uqcc6","ENSMUSG00000063320",-0.160609241282902,0.224259112286506,-0.270665003886642,0.0214482569074977,FALSE,TRUE,0.270665003886642
"Uqcrh","ENSMUSG00000063882",0.0578578686326413,0.728092842171164,-0.0319070916434109,0.853825071873409,FALSE,FALSE,0.0578578686326413
"Ushbp1","ENSMUSG00000034911",-0.455522399932103,0.00931030845618417,-0.239831990568581,0.233004241744299,TRUE,FALSE,0.455522399932103
"Uso1","ENSMUSG00000029407",0.586106248045948,4.89541434770338e-13,0.443062852030883,8.75695430118073e-08,TRUE,TRUE,0.586106248045948
"Usp31","ENSMUSG00000063317",-0.061854227615132,0.69317585745773,0.0134608248521186,0.939506811469586,FALSE,FALSE,0.061854227615132
"Usp32","ENSMUSG00000000804",-0.125031494259314,0.152203297247492,-0.363498391725372,4.9740088623978e-07,FALSE,TRUE,0.363498391725372
"Usp36","ENSMUSG00000033909",-0.191809533708293,0.0758545124804154,-0.19027088458354,0.0804022990041262,FALSE,FALSE,0.191809533708293
"Usp9x","ENSMUSG00000031010",-0.0795725663751913,0.787296021763059,-0.283906047305173,0.201635872771087,FALSE,FALSE,0.283906047305173
"Utp11","ENSMUSG00000028907",0.341083587112763,0.0140385235225461,0.427684712216961,0.00125728463501382,TRUE,TRUE,0.427684712216961
"Utp15","ENSMUSG00000041747",0.00548170192171676,0.980270976748784,-0.211620351088257,0.162343028987309,FALSE,FALSE,0.211620351088257
"Utp25","ENSMUSG00000016181",-0.348878781751575,0.000810152427497384,-0.290224011264004,0.00763286373527637,TRUE,TRUE,0.348878781751575
"Utp4","ENSMUSG00000041438",-0.191398541853293,0.0247934604494821,-0.0764425175454666,0.458912844202203,TRUE,FALSE,0.191398541853293
"Uvrag","ENSMUSG00000035354",0.0875472632725444,0.502762265832801,0.00363771885703749,0.983107444895,FALSE,FALSE,0.0875472632725444
"Uvssa","ENSMUSG00000037355",-0.0964402269927842,0.501288936160644,-0.0180589611350248,0.920717955105442,FALSE,FALSE,0.0964402269927842
"Vac14","ENSMUSG00000010936",-0.101029162609563,0.354685553762491,-0.234568916938455,0.0095490387889733,FALSE,TRUE,0.234568916938455
"Vapa","ENSMUSG00000024091",-0.222296619725845,0.000545902912626625,-0.378059720824299,3.9349387644142e-10,TRUE,TRUE,0.378059720824299
"Vegfb","ENSMUSG00000024962",-0.118426064413374,0.399651555542005,-0.220844942597733,0.0672833492114472,FALSE,FALSE,0.220844942597733
"Vldlr","ENSMUSG00000024924",-0.647952745245934,1.10837291696685e-06,-0.934614711069345,3.86717793841206e-13,TRUE,TRUE,0.934614711069345
"Vmp1","ENSMUSG00000018171",-0.221554567983195,0.00924663290600966,-0.224480178647478,0.00824748612807442,TRUE,TRUE,0.224480178647478
"Vps11","ENSMUSG00000032127",-0.0966355378169401,0.251996509154263,-0.10402412896936,0.20674025558959,FALSE,FALSE,0.10402412896936
"Vps16","ENSMUSG00000027411",-0.159490509957791,0.109025520104012,0.0815220712168129,0.486718853184683,FALSE,FALSE,0.159490509957791
"Vps18","ENSMUSG00000034216",-0.185866005520184,0.142878476716163,-0.201829053105864,0.105617660155134,FALSE,FALSE,0.201829053105864
"Vps26a","ENSMUSG00000020078",-0.130442207058802,0.0261571886286793,-0.146612524763966,0.0106886217147059,TRUE,TRUE,0.146612524763966
"Vps26c","ENSMUSG00000022898",0.244758505764459,0.014800882725752,0.143643692830194,0.197930625554301,TRUE,FALSE,0.244758505764459
"Vps33a","ENSMUSG00000029434",-0.517318477934619,4.004695450821e-16,-0.376598134714186,7.75230130222983e-09,TRUE,TRUE,0.517318477934619
"Vps37b","ENSMUSG00000066278",-0.210340214527971,0.148346566263617,-0.12328273394368,0.4492997900814,FALSE,FALSE,0.210340214527971
"Vps41","ENSMUSG00000041236",-0.207766222284725,0.0019006510467557,-0.246951530928167,0.000152990132062322,TRUE,TRUE,0.246951530928167
"Vsig10","ENSMUSG00000066894",0.139849496305028,0.305176007681849,0.0272519987480976,0.87918298655275,FALSE,FALSE,0.139849496305028
"Wac","ENSMUSG00000024283",-0.21187816964623,0.0085019206103362,-0.219820019226672,0.00614030153401694,TRUE,TRUE,0.219820019226672
"Wars1","ENSMUSG00000021266",-0.0192075578093944,0.88307055412801,-0.0203294074573991,0.870806061856921,FALSE,FALSE,0.0203294074573991
"Washc4","ENSMUSG00000034560",-0.286633363149935,0.00391830869248047,-0.192075897111362,0.0735415104779964,TRUE,FALSE,0.286633363149935
"Washc5","ENSMUSG00000022350",-0.19103833036878,0.00479788252471079,-0.186904077937135,0.0063089708781796,TRUE,TRUE,0.19103833036878
"Wasl","ENSMUSG00000029684",-0.128932030507333,0.316781321022944,-0.0450411140556219,0.769224856398077,FALSE,FALSE,0.128932030507333
"Wbp1l","ENSMUSG00000047731",-0.487329774297971,0.000950500527729481,-0.349859827373748,0.0249533803284856,TRUE,TRUE,0.487329774297971
"Wdfy4","ENSMUSG00000051506",1.3039442746519,2.86177905315353e-07,0.696747032000371,0.00920518146796453,TRUE,TRUE,1.3039442746519
"Wdr37","ENSMUSG00000021147",-0.0848709590542678,0.427736066520314,-0.0217217410421598,0.866685815905738,FALSE,FALSE,0.0848709590542678
"Wdr6","ENSMUSG00000066357",-0.0850511618407357,0.73666019426867,0.0301224269489322,0.912881516413963,FALSE,FALSE,0.0850511618407357
"Wdr62","ENSMUSG00000037020",-0.0293283182536454,0.929677111458544,-0.168821934718903,0.537660501516886,FALSE,FALSE,0.168821934718903
"Wdr81","ENSMUSG00000045374",0.078133379755175,0.668598981443794,-0.0330560439532592,0.866691908943464,FALSE,FALSE,0.078133379755175
"Wdr90","ENSMUSG00000073434",0.579977443899928,0.0143629103539225,0.348501902262911,0.213685558142788,TRUE,FALSE,0.579977443899928
"Wee1","ENSMUSG00000031016",0.499977792002491,0.0712583094588931,-0.24815637620753,0.463258373233319,FALSE,FALSE,0.499977792002491
"Wls","ENSMUSG00000028173",-0.107509586486468,0.566206544915549,-0.211839461468426,0.17792569219592,FALSE,FALSE,0.211839461468426
"Wsb2","ENSMUSG00000029364",0.254302192115002,0.000411456672828686,0.256811927211401,0.000354094076990974,TRUE,TRUE,0.256811927211401
"Wwp2","ENSMUSG00000031930",0.204435754411431,0.0187315487426496,0.209917519290443,0.0159877908726455,TRUE,TRUE,0.209917519290443
"Xbp1","ENSMUSG00000020484",0.833692172235979,1.65182158112628e-14,0.891538521843483,1.41432075316213e-16,TRUE,TRUE,0.891538521843483
"Xkr9","ENSMUSG00000067813",NA,NA,NA,NA,FALSE,FALSE,NA
"Xpnpep3","ENSMUSG00000022401",-0.066518545300551,0.708925443027957,-0.0797870571864066,0.63157277339033,FALSE,FALSE,0.0797870571864066
"Xpo1","ENSMUSG00000020290",0.0426483002968164,0.796509935835992,0.00125030637702471,0.994425092543701,FALSE,FALSE,0.0426483002968164
"Xxylt1","ENSMUSG00000047434",0.205302397269535,0.406461161097397,0.178096393422456,0.47939984458033,FALSE,FALSE,0.205302397269535
"Yap1","ENSMUSG00000053110",0.143874279115527,0.222922056976135,0.354768273113274,0.000330767439326825,FALSE,TRUE,0.354768273113274
"Yes1","ENSMUSG00000014932",-0.17709023343402,0.204190665125734,-0.158335796369165,0.271669152604881,FALSE,FALSE,0.17709023343402
"Ykt6","ENSMUSG00000002741",-0.20497747691557,0.000237311016918645,-0.200911316314723,0.00033108822967847,TRUE,TRUE,0.20497747691557
"Yod1","ENSMUSG00000046404",-0.143302190476157,0.488470982918025,-0.124298964349084,0.55290609882536,FALSE,FALSE,0.143302190476157
"Zbed6","ENSMUSG00000094410",-0.702105680816024,0.109044126306366,-0.902301640684883,0.0294381735642906,FALSE,TRUE,0.902301640684883
"Zbtb1","ENSMUSG00000033454",0.0118973263288652,0.94794922380348,-0.0709227460218447,0.640537967455507,FALSE,FALSE,0.0709227460218447
"Zbtb17","ENSMUSG00000006215",-0.142417565354237,0.128216979377619,0.106887978393096,0.280177559635289,FALSE,FALSE,0.142417565354237
"Zbtb25","ENSMUSG00000056459",0.231099277516373,0.0811160267674776,0.160938386938972,0.262413862863767,FALSE,FALSE,0.231099277516373
"Zbtb38","ENSMUSG00000040433",-0.450231500083333,0.00185158501291526,-0.668826423711157,1.00226598834331e-06,TRUE,TRUE,0.668826423711157
"Zbtb40","ENSMUSG00000060862",-0.204577074325211,0.242774688402641,-0.0672806831402638,0.7515913043433,FALSE,FALSE,0.204577074325211
"Zbtb8os","ENSMUSG00000057572",0.0399951868533883,0.821675618807607,0.12152439865299,0.391745049904034,FALSE,FALSE,0.12152439865299
"Zc3h11a","ENSMUSG00000102976",-0.342544090081716,0.00623301781331326,-0.518426413679534,1.24253019019414e-05,TRUE,TRUE,0.518426413679534
"Zc3h18","ENSMUSG00000017478",-0.191384721880246,0.00864103156670049,-0.0692061546660605,0.443756714655541,TRUE,FALSE,0.191384721880246
"Zc3h4","ENSMUSG00000059273",-0.331655254876473,2.98869237342609e-08,-0.242023627024111,0.000105015186480738,TRUE,TRUE,0.331655254876473
"Zcchc2","ENSMUSG00000038866",-0.206463451526713,0.0646106960802805,0.0506797387649399,0.731476707957804,FALSE,FALSE,0.206463451526713
"Zcwpw1","ENSMUSG00000037108",-0.364206479612417,0.590931646828503,1.59224343681974,0.00956156378653647,FALSE,TRUE,1.59224343681974
"Zeb1","ENSMUSG00000024238",-0.0544076667068479,0.656292300035942,-0.0478507165941626,0.689199051366875,FALSE,FALSE,0.0544076667068479
"Zfp239","ENSMUSG00000042097",0.0972717273770531,0.885351710884341,0.402589978555283,0.443501189965632,FALSE,FALSE,0.402589978555283
"Zfp263","ENSMUSG00000022529",-0.0905488911129807,0.482395357711771,-0.126650149292935,0.279784304234823,FALSE,FALSE,0.126650149292935
"Zfp280d","ENSMUSG00000038535",-0.305054366634211,0.000188224662763326,-0.247466460761889,0.00376384608910637,TRUE,TRUE,0.305054366634211
"Zfp316","ENSMUSG00000046658",-0.18227264132763,0.182917446624933,-0.0544331094165533,0.746798580641005,FALSE,FALSE,0.18227264132763
"Zfp318","ENSMUSG00000015597",-0.0820721433415343,0.532437889627929,-0.177661897653013,0.101556582331926,FALSE,FALSE,0.177661897653013
"Zfp322a","ENSMUSG00000046351",0.0847530046826175,0.536519296586893,0.0742445053393786,0.586199055267873,FALSE,FALSE,0.0847530046826175
"Zfp503","ENSMUSG00000039081",-0.900001253701798,0.00575125302992426,-0.132678269033974,0.775872082531912,TRUE,FALSE,0.900001253701798
"Zfp507","ENSMUSG00000044452",-0.329528881289222,0.000184698165409302,-0.33553949241691,0.000148242549738673,TRUE,TRUE,0.33553949241691
"Zfp512","ENSMUSG00000062761",-0.0539445540433508,0.578903149462979,-0.153149582285624,0.0428161213398468,FALSE,TRUE,0.153149582285624
"Zfp521","ENSMUSG00000024420",-0.358677960974967,0.00296229700553469,-0.485114196760918,2.70756308897695e-05,TRUE,TRUE,0.485114196760918
"Zfp622","ENSMUSG00000052253",-0.0282484062866239,0.813464761407647,0.030768714307625,0.786956426048186,FALSE,FALSE,0.030768714307625
"Zfp523","ENSMUSG00000024220",-0.328273596224716,7.8306025507486e-05,-0.414616585001925,3.02276994716024e-07,TRUE,TRUE,0.414616585001925
"Zfp775","ENSMUSG00000007216",-0.150775561184797,0.28382028644101,-0.0732657949836249,0.646988657402357,FALSE,FALSE,0.150775561184797
"Zscan21","ENSMUSG00000037017",-0.107440890746345,0.205342592816032,-0.0131837968680578,0.911830119178467,FALSE,FALSE,0.107440890746345
"Zswim8","ENSMUSG00000021819",-0.170174867604472,0.0549482701013477,-0.0949395135245949,0.345099784851296,FALSE,FALSE,0.170174867604472
